--
-- PostgreSQL database dump
--

\restrict dKiPNC8ekdJqdhW9tU4TucKn6S8jS8ki0TXmMLHClkQpmuYNNg9gN83h7jGcbHP

-- Dumped from database version 16.14
-- Dumped by pg_dump version 16.14

SET statement_timeout = 0;
SET lock_timeout = 0;
SET idle_in_transaction_session_timeout = 0;
SET client_encoding = 'UTF8';
SET standard_conforming_strings = on;
SELECT pg_catalog.set_config('search_path', '', false);
SET check_function_bodies = false;
SET xmloption = content;
SET client_min_messages = warning;
SET row_security = off;

--
-- Data for Name: agenda_priorities; Type: TABLE DATA; Schema: public; Owner: visapolitica
--

INSERT INTO public.agenda_priorities (id, category_id, party_id, priority) VALUES (1, 'power_structure', 'ps', 2);
INSERT INTO public.agenda_priorities (id, category_id, party_id, priority) VALUES (2, 'power_structure', 'psd', 3);
INSERT INTO public.agenda_priorities (id, category_id, party_id, priority) VALUES (3, 'power_structure', 'chega', 5);
INSERT INTO public.agenda_priorities (id, category_id, party_id, priority) VALUES (4, 'power_structure', 'il', 3);
INSERT INTO public.agenda_priorities (id, category_id, party_id, priority) VALUES (5, 'power_structure', 'be', 3);
INSERT INTO public.agenda_priorities (id, category_id, party_id, priority) VALUES (6, 'power_structure', 'cdu', 3);
INSERT INTO public.agenda_priorities (id, category_id, party_id, priority) VALUES (7, 'power_structure', 'pan', 2);
INSERT INTO public.agenda_priorities (id, category_id, party_id, priority) VALUES (8, 'economy', 'ps', 4);
INSERT INTO public.agenda_priorities (id, category_id, party_id, priority) VALUES (9, 'economy', 'psd', 5);
INSERT INTO public.agenda_priorities (id, category_id, party_id, priority) VALUES (10, 'economy', 'chega', 3);
INSERT INTO public.agenda_priorities (id, category_id, party_id, priority) VALUES (11, 'economy', 'il', 5);
INSERT INTO public.agenda_priorities (id, category_id, party_id, priority) VALUES (12, 'economy', 'be', 4);
INSERT INTO public.agenda_priorities (id, category_id, party_id, priority) VALUES (13, 'economy', 'cdu', 5);
INSERT INTO public.agenda_priorities (id, category_id, party_id, priority) VALUES (14, 'economy', 'pan', 3);
INSERT INTO public.agenda_priorities (id, category_id, party_id, priority) VALUES (15, 'human_rights', 'ps', 4);
INSERT INTO public.agenda_priorities (id, category_id, party_id, priority) VALUES (16, 'human_rights', 'psd', 2);
INSERT INTO public.agenda_priorities (id, category_id, party_id, priority) VALUES (17, 'human_rights', 'chega', 2);
INSERT INTO public.agenda_priorities (id, category_id, party_id, priority) VALUES (18, 'human_rights', 'il', 3);
INSERT INTO public.agenda_priorities (id, category_id, party_id, priority) VALUES (19, 'human_rights', 'be', 5);
INSERT INTO public.agenda_priorities (id, category_id, party_id, priority) VALUES (20, 'human_rights', 'cdu', 4);
INSERT INTO public.agenda_priorities (id, category_id, party_id, priority) VALUES (21, 'human_rights', 'pan', 5);


--
-- Data for Name: categories; Type: TABLE DATA; Schema: public; Owner: visapolitica
--

INSERT INTO public.categories (id, display_order) VALUES ('power_structure', 0);
INSERT INTO public.categories (id, display_order) VALUES ('economy', 1);
INSERT INTO public.categories (id, display_order) VALUES ('human_rights', 2);


--
-- Data for Name: category_translations; Type: TABLE DATA; Schema: public; Owner: visapolitica
--

INSERT INTO public.category_translations (id, category_id, locale, name) VALUES (1, 'power_structure', 'en', 'Power Structure');
INSERT INTO public.category_translations (id, category_id, locale, name) VALUES (2, 'economy', 'en', 'Economy');
INSERT INTO public.category_translations (id, category_id, locale, name) VALUES (3, 'human_rights', 'en', 'Human Rights');
INSERT INTO public.category_translations (id, category_id, locale, name) VALUES (4, 'power_structure', 'pt', 'Estrutura de Poder');
INSERT INTO public.category_translations (id, category_id, locale, name) VALUES (5, 'economy', 'pt', 'Economia');
INSERT INTO public.category_translations (id, category_id, locale, name) VALUES (6, 'human_rights', 'pt', 'Direitos Humanos');


--
-- Data for Name: parties; Type: TABLE DATA; Schema: public; Owner: visapolitica
--

INSERT INTO public.parties (id, color) VALUES ('ps', '#e91e8c');
INSERT INTO public.parties (id, color) VALUES ('psd', '#f97316');
INSERT INTO public.parties (id, color) VALUES ('chega', '#1d4ed8');
INSERT INTO public.parties (id, color) VALUES ('il', '#06b6d4');
INSERT INTO public.parties (id, color) VALUES ('be', '#dc2626');
INSERT INTO public.parties (id, color) VALUES ('cdu', '#991b1b');
INSERT INTO public.parties (id, color) VALUES ('pan', '#16a34a');


--
-- Data for Name: party_stances; Type: TABLE DATA; Schema: public; Owner: visapolitica
--

INSERT INTO public.party_stances (id, option_id, party_id, stance) VALUES (1, 'monarchy', 'ps', 'oppose');
INSERT INTO public.party_stances (id, option_id, party_id, stance) VALUES (2, 'monarchy', 'psd', 'neutral');
INSERT INTO public.party_stances (id, option_id, party_id, stance) VALUES (3, 'monarchy', 'chega', 'neutral');
INSERT INTO public.party_stances (id, option_id, party_id, stance) VALUES (4, 'monarchy', 'il', 'oppose');
INSERT INTO public.party_stances (id, option_id, party_id, stance) VALUES (5, 'monarchy', 'be', 'strongly_oppose');
INSERT INTO public.party_stances (id, option_id, party_id, stance) VALUES (6, 'monarchy', 'cdu', 'strongly_oppose');
INSERT INTO public.party_stances (id, option_id, party_id, stance) VALUES (7, 'monarchy', 'pan', 'oppose');
INSERT INTO public.party_stances (id, option_id, party_id, stance) VALUES (8, 'social_monarchy', 'ps', 'neutral');
INSERT INTO public.party_stances (id, option_id, party_id, stance) VALUES (9, 'social_monarchy', 'psd', 'support');
INSERT INTO public.party_stances (id, option_id, party_id, stance) VALUES (10, 'social_monarchy', 'chega', 'support');
INSERT INTO public.party_stances (id, option_id, party_id, stance) VALUES (11, 'social_monarchy', 'il', 'oppose');
INSERT INTO public.party_stances (id, option_id, party_id, stance) VALUES (12, 'social_monarchy', 'be', 'oppose');
INSERT INTO public.party_stances (id, option_id, party_id, stance) VALUES (13, 'social_monarchy', 'cdu', 'oppose');
INSERT INTO public.party_stances (id, option_id, party_id, stance) VALUES (14, 'social_monarchy', 'pan', 'neutral');
INSERT INTO public.party_stances (id, option_id, party_id, stance) VALUES (15, 'presidential_republic', 'ps', 'oppose');
INSERT INTO public.party_stances (id, option_id, party_id, stance) VALUES (16, 'presidential_republic', 'psd', 'neutral');
INSERT INTO public.party_stances (id, option_id, party_id, stance) VALUES (17, 'presidential_republic', 'chega', 'support');
INSERT INTO public.party_stances (id, option_id, party_id, stance) VALUES (18, 'presidential_republic', 'il', 'neutral');
INSERT INTO public.party_stances (id, option_id, party_id, stance) VALUES (19, 'presidential_republic', 'be', 'oppose');
INSERT INTO public.party_stances (id, option_id, party_id, stance) VALUES (20, 'presidential_republic', 'cdu', 'oppose');
INSERT INTO public.party_stances (id, option_id, party_id, stance) VALUES (21, 'presidential_republic', 'pan', 'neutral');
INSERT INTO public.party_stances (id, option_id, party_id, stance) VALUES (22, 'parliamentary_republic', 'ps', 'strongly_support');
INSERT INTO public.party_stances (id, option_id, party_id, stance) VALUES (23, 'parliamentary_republic', 'psd', 'strongly_support');
INSERT INTO public.party_stances (id, option_id, party_id, stance) VALUES (24, 'parliamentary_republic', 'chega', 'support');
INSERT INTO public.party_stances (id, option_id, party_id, stance) VALUES (25, 'parliamentary_republic', 'il', 'strongly_support');
INSERT INTO public.party_stances (id, option_id, party_id, stance) VALUES (26, 'parliamentary_republic', 'be', 'strongly_support');
INSERT INTO public.party_stances (id, option_id, party_id, stance) VALUES (27, 'parliamentary_republic', 'cdu', 'strongly_support');
INSERT INTO public.party_stances (id, option_id, party_id, stance) VALUES (28, 'parliamentary_republic', 'pan', 'strongly_support');
INSERT INTO public.party_stances (id, option_id, party_id, stance) VALUES (29, 'theocracy', 'ps', 'strongly_oppose');
INSERT INTO public.party_stances (id, option_id, party_id, stance) VALUES (30, 'theocracy', 'psd', 'strongly_oppose');
INSERT INTO public.party_stances (id, option_id, party_id, stance) VALUES (31, 'theocracy', 'chega', 'neutral');
INSERT INTO public.party_stances (id, option_id, party_id, stance) VALUES (32, 'theocracy', 'il', 'strongly_oppose');
INSERT INTO public.party_stances (id, option_id, party_id, stance) VALUES (33, 'theocracy', 'be', 'strongly_oppose');
INSERT INTO public.party_stances (id, option_id, party_id, stance) VALUES (34, 'theocracy', 'cdu', 'strongly_oppose');
INSERT INTO public.party_stances (id, option_id, party_id, stance) VALUES (35, 'theocracy', 'pan', 'strongly_oppose');
INSERT INTO public.party_stances (id, option_id, party_id, stance) VALUES (36, 'corporate_state', 'ps', 'strongly_oppose');
INSERT INTO public.party_stances (id, option_id, party_id, stance) VALUES (37, 'corporate_state', 'psd', 'strongly_oppose');
INSERT INTO public.party_stances (id, option_id, party_id, stance) VALUES (38, 'corporate_state', 'chega', 'neutral');
INSERT INTO public.party_stances (id, option_id, party_id, stance) VALUES (39, 'corporate_state', 'il', 'oppose');
INSERT INTO public.party_stances (id, option_id, party_id, stance) VALUES (40, 'corporate_state', 'be', 'strongly_oppose');
INSERT INTO public.party_stances (id, option_id, party_id, stance) VALUES (41, 'corporate_state', 'cdu', 'strongly_oppose');
INSERT INTO public.party_stances (id, option_id, party_id, stance) VALUES (42, 'corporate_state', 'pan', 'oppose');
INSERT INTO public.party_stances (id, option_id, party_id, stance) VALUES (43, 'council_republic', 'ps', 'strongly_oppose');
INSERT INTO public.party_stances (id, option_id, party_id, stance) VALUES (44, 'council_republic', 'psd', 'strongly_oppose');
INSERT INTO public.party_stances (id, option_id, party_id, stance) VALUES (45, 'council_republic', 'chega', 'strongly_oppose');
INSERT INTO public.party_stances (id, option_id, party_id, stance) VALUES (46, 'council_republic', 'il', 'strongly_oppose');
INSERT INTO public.party_stances (id, option_id, party_id, stance) VALUES (47, 'council_republic', 'be', 'support');
INSERT INTO public.party_stances (id, option_id, party_id, stance) VALUES (48, 'council_republic', 'cdu', 'strongly_support');
INSERT INTO public.party_stances (id, option_id, party_id, stance) VALUES (49, 'council_republic', 'pan', 'neutral');
INSERT INTO public.party_stances (id, option_id, party_id, stance) VALUES (50, 'autocracy', 'ps', 'strongly_oppose');
INSERT INTO public.party_stances (id, option_id, party_id, stance) VALUES (51, 'autocracy', 'psd', 'strongly_oppose');
INSERT INTO public.party_stances (id, option_id, party_id, stance) VALUES (52, 'autocracy', 'chega', 'neutral');
INSERT INTO public.party_stances (id, option_id, party_id, stance) VALUES (53, 'autocracy', 'il', 'strongly_oppose');
INSERT INTO public.party_stances (id, option_id, party_id, stance) VALUES (54, 'autocracy', 'be', 'strongly_oppose');
INSERT INTO public.party_stances (id, option_id, party_id, stance) VALUES (55, 'autocracy', 'cdu', 'strongly_oppose');
INSERT INTO public.party_stances (id, option_id, party_id, stance) VALUES (56, 'autocracy', 'pan', 'strongly_oppose');
INSERT INTO public.party_stances (id, option_id, party_id, stance) VALUES (57, 'oligarchy', 'ps', 'strongly_oppose');
INSERT INTO public.party_stances (id, option_id, party_id, stance) VALUES (58, 'oligarchy', 'psd', 'oppose');
INSERT INTO public.party_stances (id, option_id, party_id, stance) VALUES (59, 'oligarchy', 'chega', 'oppose');
INSERT INTO public.party_stances (id, option_id, party_id, stance) VALUES (60, 'oligarchy', 'il', 'neutral');
INSERT INTO public.party_stances (id, option_id, party_id, stance) VALUES (61, 'oligarchy', 'be', 'strongly_oppose');
INSERT INTO public.party_stances (id, option_id, party_id, stance) VALUES (62, 'oligarchy', 'cdu', 'strongly_oppose');
INSERT INTO public.party_stances (id, option_id, party_id, stance) VALUES (63, 'oligarchy', 'pan', 'strongly_oppose');
INSERT INTO public.party_stances (id, option_id, party_id, stance) VALUES (64, 'landed_voting', 'ps', 'strongly_oppose');
INSERT INTO public.party_stances (id, option_id, party_id, stance) VALUES (65, 'landed_voting', 'psd', 'oppose');
INSERT INTO public.party_stances (id, option_id, party_id, stance) VALUES (66, 'landed_voting', 'chega', 'neutral');
INSERT INTO public.party_stances (id, option_id, party_id, stance) VALUES (67, 'landed_voting', 'il', 'neutral');
INSERT INTO public.party_stances (id, option_id, party_id, stance) VALUES (68, 'landed_voting', 'be', 'strongly_oppose');
INSERT INTO public.party_stances (id, option_id, party_id, stance) VALUES (69, 'landed_voting', 'cdu', 'strongly_oppose');
INSERT INTO public.party_stances (id, option_id, party_id, stance) VALUES (70, 'landed_voting', 'pan', 'strongly_oppose');
INSERT INTO public.party_stances (id, option_id, party_id, stance) VALUES (71, 'wealth_voting', 'ps', 'strongly_oppose');
INSERT INTO public.party_stances (id, option_id, party_id, stance) VALUES (72, 'wealth_voting', 'psd', 'oppose');
INSERT INTO public.party_stances (id, option_id, party_id, stance) VALUES (73, 'wealth_voting', 'chega', 'neutral');
INSERT INTO public.party_stances (id, option_id, party_id, stance) VALUES (74, 'wealth_voting', 'il', 'neutral');
INSERT INTO public.party_stances (id, option_id, party_id, stance) VALUES (75, 'wealth_voting', 'be', 'strongly_oppose');
INSERT INTO public.party_stances (id, option_id, party_id, stance) VALUES (76, 'wealth_voting', 'cdu', 'strongly_oppose');
INSERT INTO public.party_stances (id, option_id, party_id, stance) VALUES (77, 'wealth_voting', 'pan', 'strongly_oppose');
INSERT INTO public.party_stances (id, option_id, party_id, stance) VALUES (78, 'census_suffrage', 'ps', 'strongly_oppose');
INSERT INTO public.party_stances (id, option_id, party_id, stance) VALUES (79, 'census_suffrage', 'psd', 'oppose');
INSERT INTO public.party_stances (id, option_id, party_id, stance) VALUES (80, 'census_suffrage', 'chega', 'oppose');
INSERT INTO public.party_stances (id, option_id, party_id, stance) VALUES (81, 'census_suffrage', 'il', 'neutral');
INSERT INTO public.party_stances (id, option_id, party_id, stance) VALUES (82, 'census_suffrage', 'be', 'strongly_oppose');
INSERT INTO public.party_stances (id, option_id, party_id, stance) VALUES (83, 'census_suffrage', 'cdu', 'strongly_oppose');
INSERT INTO public.party_stances (id, option_id, party_id, stance) VALUES (84, 'census_suffrage', 'pan', 'strongly_oppose');
INSERT INTO public.party_stances (id, option_id, party_id, stance) VALUES (85, 'universal_suffrage', 'ps', 'strongly_support');
INSERT INTO public.party_stances (id, option_id, party_id, stance) VALUES (86, 'universal_suffrage', 'psd', 'strongly_support');
INSERT INTO public.party_stances (id, option_id, party_id, stance) VALUES (87, 'universal_suffrage', 'chega', 'support');
INSERT INTO public.party_stances (id, option_id, party_id, stance) VALUES (88, 'universal_suffrage', 'il', 'strongly_support');
INSERT INTO public.party_stances (id, option_id, party_id, stance) VALUES (89, 'universal_suffrage', 'be', 'strongly_support');
INSERT INTO public.party_stances (id, option_id, party_id, stance) VALUES (90, 'universal_suffrage', 'cdu', 'strongly_support');
INSERT INTO public.party_stances (id, option_id, party_id, stance) VALUES (91, 'universal_suffrage', 'pan', 'strongly_support');
INSERT INTO public.party_stances (id, option_id, party_id, stance) VALUES (92, 'technocracy', 'ps', 'oppose');
INSERT INTO public.party_stances (id, option_id, party_id, stance) VALUES (93, 'technocracy', 'psd', 'neutral');
INSERT INTO public.party_stances (id, option_id, party_id, stance) VALUES (94, 'technocracy', 'chega', 'oppose');
INSERT INTO public.party_stances (id, option_id, party_id, stance) VALUES (95, 'technocracy', 'il', 'support');
INSERT INTO public.party_stances (id, option_id, party_id, stance) VALUES (96, 'technocracy', 'be', 'strongly_oppose');
INSERT INTO public.party_stances (id, option_id, party_id, stance) VALUES (97, 'technocracy', 'cdu', 'strongly_oppose');
INSERT INTO public.party_stances (id, option_id, party_id, stance) VALUES (98, 'technocracy', 'pan', 'oppose');
INSERT INTO public.party_stances (id, option_id, party_id, stance) VALUES (99, 'single_party_state', 'ps', 'strongly_oppose');
INSERT INTO public.party_stances (id, option_id, party_id, stance) VALUES (100, 'single_party_state', 'psd', 'strongly_oppose');
INSERT INTO public.party_stances (id, option_id, party_id, stance) VALUES (101, 'single_party_state', 'chega', 'neutral');
INSERT INTO public.party_stances (id, option_id, party_id, stance) VALUES (102, 'single_party_state', 'il', 'strongly_oppose');
INSERT INTO public.party_stances (id, option_id, party_id, stance) VALUES (103, 'single_party_state', 'be', 'strongly_oppose');
INSERT INTO public.party_stances (id, option_id, party_id, stance) VALUES (104, 'single_party_state', 'cdu', 'neutral');
INSERT INTO public.party_stances (id, option_id, party_id, stance) VALUES (105, 'single_party_state', 'pan', 'strongly_oppose');
INSERT INTO public.party_stances (id, option_id, party_id, stance) VALUES (106, 'anarchy', 'ps', 'strongly_oppose');
INSERT INTO public.party_stances (id, option_id, party_id, stance) VALUES (107, 'anarchy', 'psd', 'strongly_oppose');
INSERT INTO public.party_stances (id, option_id, party_id, stance) VALUES (108, 'anarchy', 'chega', 'strongly_oppose');
INSERT INTO public.party_stances (id, option_id, party_id, stance) VALUES (109, 'anarchy', 'il', 'strongly_oppose');
INSERT INTO public.party_stances (id, option_id, party_id, stance) VALUES (110, 'anarchy', 'be', 'neutral');
INSERT INTO public.party_stances (id, option_id, party_id, stance) VALUES (111, 'anarchy', 'cdu', 'neutral');
INSERT INTO public.party_stances (id, option_id, party_id, stance) VALUES (112, 'anarchy', 'pan', 'neutral');
INSERT INTO public.party_stances (id, option_id, party_id, stance) VALUES (113, 'subjecthood', 'ps', 'strongly_oppose');
INSERT INTO public.party_stances (id, option_id, party_id, stance) VALUES (114, 'subjecthood', 'psd', 'oppose');
INSERT INTO public.party_stances (id, option_id, party_id, stance) VALUES (115, 'subjecthood', 'chega', 'neutral');
INSERT INTO public.party_stances (id, option_id, party_id, stance) VALUES (116, 'subjecthood', 'il', 'oppose');
INSERT INTO public.party_stances (id, option_id, party_id, stance) VALUES (117, 'subjecthood', 'be', 'strongly_oppose');
INSERT INTO public.party_stances (id, option_id, party_id, stance) VALUES (118, 'subjecthood', 'cdu', 'strongly_oppose');
INSERT INTO public.party_stances (id, option_id, party_id, stance) VALUES (119, 'subjecthood', 'pan', 'strongly_oppose');
INSERT INTO public.party_stances (id, option_id, party_id, stance) VALUES (120, 'ethnostate', 'ps', 'strongly_oppose');
INSERT INTO public.party_stances (id, option_id, party_id, stance) VALUES (121, 'ethnostate', 'psd', 'strongly_oppose');
INSERT INTO public.party_stances (id, option_id, party_id, stance) VALUES (122, 'ethnostate', 'chega', 'strongly_support');
INSERT INTO public.party_stances (id, option_id, party_id, stance) VALUES (123, 'ethnostate', 'il', 'strongly_oppose');
INSERT INTO public.party_stances (id, option_id, party_id, stance) VALUES (124, 'ethnostate', 'be', 'strongly_oppose');
INSERT INTO public.party_stances (id, option_id, party_id, stance) VALUES (125, 'ethnostate', 'cdu', 'strongly_oppose');
INSERT INTO public.party_stances (id, option_id, party_id, stance) VALUES (126, 'ethnostate', 'pan', 'strongly_oppose');
INSERT INTO public.party_stances (id, option_id, party_id, stance) VALUES (127, 'national_supremacy', 'ps', 'strongly_oppose');
INSERT INTO public.party_stances (id, option_id, party_id, stance) VALUES (128, 'national_supremacy', 'psd', 'oppose');
INSERT INTO public.party_stances (id, option_id, party_id, stance) VALUES (129, 'national_supremacy', 'chega', 'strongly_support');
INSERT INTO public.party_stances (id, option_id, party_id, stance) VALUES (130, 'national_supremacy', 'il', 'oppose');
INSERT INTO public.party_stances (id, option_id, party_id, stance) VALUES (131, 'national_supremacy', 'be', 'strongly_oppose');
INSERT INTO public.party_stances (id, option_id, party_id, stance) VALUES (132, 'national_supremacy', 'cdu', 'strongly_oppose');
INSERT INTO public.party_stances (id, option_id, party_id, stance) VALUES (133, 'national_supremacy', 'pan', 'strongly_oppose');
INSERT INTO public.party_stances (id, option_id, party_id, stance) VALUES (134, 'racial_segregation', 'ps', 'strongly_oppose');
INSERT INTO public.party_stances (id, option_id, party_id, stance) VALUES (135, 'racial_segregation', 'psd', 'strongly_oppose');
INSERT INTO public.party_stances (id, option_id, party_id, stance) VALUES (136, 'racial_segregation', 'chega', 'support');
INSERT INTO public.party_stances (id, option_id, party_id, stance) VALUES (137, 'racial_segregation', 'il', 'strongly_oppose');
INSERT INTO public.party_stances (id, option_id, party_id, stance) VALUES (138, 'racial_segregation', 'be', 'strongly_oppose');
INSERT INTO public.party_stances (id, option_id, party_id, stance) VALUES (139, 'racial_segregation', 'cdu', 'strongly_oppose');
INSERT INTO public.party_stances (id, option_id, party_id, stance) VALUES (140, 'racial_segregation', 'pan', 'strongly_oppose');
INSERT INTO public.party_stances (id, option_id, party_id, stance) VALUES (141, 'cultural_exclusion', 'ps', 'strongly_oppose');
INSERT INTO public.party_stances (id, option_id, party_id, stance) VALUES (142, 'cultural_exclusion', 'psd', 'oppose');
INSERT INTO public.party_stances (id, option_id, party_id, stance) VALUES (143, 'cultural_exclusion', 'chega', 'support');
INSERT INTO public.party_stances (id, option_id, party_id, stance) VALUES (144, 'cultural_exclusion', 'il', 'oppose');
INSERT INTO public.party_stances (id, option_id, party_id, stance) VALUES (145, 'cultural_exclusion', 'be', 'strongly_oppose');
INSERT INTO public.party_stances (id, option_id, party_id, stance) VALUES (146, 'cultural_exclusion', 'cdu', 'strongly_oppose');
INSERT INTO public.party_stances (id, option_id, party_id, stance) VALUES (147, 'cultural_exclusion', 'pan', 'strongly_oppose');
INSERT INTO public.party_stances (id, option_id, party_id, stance) VALUES (148, 'multicultural', 'ps', 'strongly_support');
INSERT INTO public.party_stances (id, option_id, party_id, stance) VALUES (149, 'multicultural', 'psd', 'support');
INSERT INTO public.party_stances (id, option_id, party_id, stance) VALUES (150, 'multicultural', 'chega', 'strongly_oppose');
INSERT INTO public.party_stances (id, option_id, party_id, stance) VALUES (151, 'multicultural', 'il', 'strongly_support');
INSERT INTO public.party_stances (id, option_id, party_id, stance) VALUES (152, 'multicultural', 'be', 'strongly_support');
INSERT INTO public.party_stances (id, option_id, party_id, stance) VALUES (153, 'multicultural', 'cdu', 'strongly_support');
INSERT INTO public.party_stances (id, option_id, party_id, stance) VALUES (154, 'multicultural', 'pan', 'strongly_support');
INSERT INTO public.party_stances (id, option_id, party_id, stance) VALUES (155, 'state_religion', 'ps', 'strongly_oppose');
INSERT INTO public.party_stances (id, option_id, party_id, stance) VALUES (156, 'state_religion', 'psd', 'oppose');
INSERT INTO public.party_stances (id, option_id, party_id, stance) VALUES (157, 'state_religion', 'chega', 'strongly_support');
INSERT INTO public.party_stances (id, option_id, party_id, stance) VALUES (158, 'state_religion', 'il', 'strongly_oppose');
INSERT INTO public.party_stances (id, option_id, party_id, stance) VALUES (159, 'state_religion', 'be', 'strongly_oppose');
INSERT INTO public.party_stances (id, option_id, party_id, stance) VALUES (160, 'state_religion', 'cdu', 'oppose');
INSERT INTO public.party_stances (id, option_id, party_id, stance) VALUES (161, 'state_religion', 'pan', 'strongly_oppose');
INSERT INTO public.party_stances (id, option_id, party_id, stance) VALUES (162, 'freedom_of_conscience', 'ps', 'support');
INSERT INTO public.party_stances (id, option_id, party_id, stance) VALUES (163, 'freedom_of_conscience', 'psd', 'support');
INSERT INTO public.party_stances (id, option_id, party_id, stance) VALUES (164, 'freedom_of_conscience', 'chega', 'neutral');
INSERT INTO public.party_stances (id, option_id, party_id, stance) VALUES (165, 'freedom_of_conscience', 'il', 'strongly_support');
INSERT INTO public.party_stances (id, option_id, party_id, stance) VALUES (166, 'freedom_of_conscience', 'be', 'support');
INSERT INTO public.party_stances (id, option_id, party_id, stance) VALUES (167, 'freedom_of_conscience', 'cdu', 'support');
INSERT INTO public.party_stances (id, option_id, party_id, stance) VALUES (168, 'freedom_of_conscience', 'pan', 'support');
INSERT INTO public.party_stances (id, option_id, party_id, stance) VALUES (169, 'separation_of_church_and_state', 'ps', 'strongly_support');
INSERT INTO public.party_stances (id, option_id, party_id, stance) VALUES (170, 'separation_of_church_and_state', 'psd', 'support');
INSERT INTO public.party_stances (id, option_id, party_id, stance) VALUES (171, 'separation_of_church_and_state', 'chega', 'oppose');
INSERT INTO public.party_stances (id, option_id, party_id, stance) VALUES (172, 'separation_of_church_and_state', 'il', 'strongly_support');
INSERT INTO public.party_stances (id, option_id, party_id, stance) VALUES (173, 'separation_of_church_and_state', 'be', 'strongly_support');
INSERT INTO public.party_stances (id, option_id, party_id, stance) VALUES (174, 'separation_of_church_and_state', 'cdu', 'support');
INSERT INTO public.party_stances (id, option_id, party_id, stance) VALUES (175, 'separation_of_church_and_state', 'pan', 'support');
INSERT INTO public.party_stances (id, option_id, party_id, stance) VALUES (176, 'state_atheism', 'ps', 'oppose');
INSERT INTO public.party_stances (id, option_id, party_id, stance) VALUES (177, 'state_atheism', 'psd', 'oppose');
INSERT INTO public.party_stances (id, option_id, party_id, stance) VALUES (178, 'state_atheism', 'chega', 'strongly_oppose');
INSERT INTO public.party_stances (id, option_id, party_id, stance) VALUES (179, 'state_atheism', 'il', 'neutral');
INSERT INTO public.party_stances (id, option_id, party_id, stance) VALUES (180, 'state_atheism', 'be', 'neutral');
INSERT INTO public.party_stances (id, option_id, party_id, stance) VALUES (181, 'state_atheism', 'cdu', 'neutral');
INSERT INTO public.party_stances (id, option_id, party_id, stance) VALUES (182, 'state_atheism', 'pan', 'neutral');
INSERT INTO public.party_stances (id, option_id, party_id, stance) VALUES (183, 'hereditary_bureaucrats', 'ps', 'strongly_oppose');
INSERT INTO public.party_stances (id, option_id, party_id, stance) VALUES (184, 'hereditary_bureaucrats', 'psd', 'oppose');
INSERT INTO public.party_stances (id, option_id, party_id, stance) VALUES (185, 'hereditary_bureaucrats', 'chega', 'neutral');
INSERT INTO public.party_stances (id, option_id, party_id, stance) VALUES (186, 'hereditary_bureaucrats', 'il', 'oppose');
INSERT INTO public.party_stances (id, option_id, party_id, stance) VALUES (187, 'hereditary_bureaucrats', 'be', 'strongly_oppose');
INSERT INTO public.party_stances (id, option_id, party_id, stance) VALUES (188, 'hereditary_bureaucrats', 'cdu', 'strongly_oppose');
INSERT INTO public.party_stances (id, option_id, party_id, stance) VALUES (189, 'hereditary_bureaucrats', 'pan', 'oppose');
INSERT INTO public.party_stances (id, option_id, party_id, stance) VALUES (190, 'appointed_bureaucrats', 'ps', 'support');
INSERT INTO public.party_stances (id, option_id, party_id, stance) VALUES (191, 'appointed_bureaucrats', 'psd', 'strongly_support');
INSERT INTO public.party_stances (id, option_id, party_id, stance) VALUES (192, 'appointed_bureaucrats', 'chega', 'support');
INSERT INTO public.party_stances (id, option_id, party_id, stance) VALUES (193, 'appointed_bureaucrats', 'il', 'support');
INSERT INTO public.party_stances (id, option_id, party_id, stance) VALUES (194, 'appointed_bureaucrats', 'be', 'neutral');
INSERT INTO public.party_stances (id, option_id, party_id, stance) VALUES (195, 'appointed_bureaucrats', 'cdu', 'neutral');
INSERT INTO public.party_stances (id, option_id, party_id, stance) VALUES (196, 'appointed_bureaucrats', 'pan', 'neutral');
INSERT INTO public.party_stances (id, option_id, party_id, stance) VALUES (197, 'elected_bureaucrats', 'ps', 'support');
INSERT INTO public.party_stances (id, option_id, party_id, stance) VALUES (198, 'elected_bureaucrats', 'psd', 'neutral');
INSERT INTO public.party_stances (id, option_id, party_id, stance) VALUES (199, 'elected_bureaucrats', 'chega', 'neutral');
INSERT INTO public.party_stances (id, option_id, party_id, stance) VALUES (200, 'elected_bureaucrats', 'il', 'support');
INSERT INTO public.party_stances (id, option_id, party_id, stance) VALUES (201, 'elected_bureaucrats', 'be', 'strongly_support');
INSERT INTO public.party_stances (id, option_id, party_id, stance) VALUES (202, 'elected_bureaucrats', 'cdu', 'support');
INSERT INTO public.party_stances (id, option_id, party_id, stance) VALUES (203, 'elected_bureaucrats', 'pan', 'support');
INSERT INTO public.party_stances (id, option_id, party_id, stance) VALUES (204, 'peasant_levies', 'ps', 'strongly_oppose');
INSERT INTO public.party_stances (id, option_id, party_id, stance) VALUES (205, 'peasant_levies', 'psd', 'strongly_oppose');
INSERT INTO public.party_stances (id, option_id, party_id, stance) VALUES (206, 'peasant_levies', 'chega', 'oppose');
INSERT INTO public.party_stances (id, option_id, party_id, stance) VALUES (207, 'peasant_levies', 'il', 'strongly_oppose');
INSERT INTO public.party_stances (id, option_id, party_id, stance) VALUES (208, 'peasant_levies', 'be', 'oppose');
INSERT INTO public.party_stances (id, option_id, party_id, stance) VALUES (209, 'peasant_levies', 'cdu', 'oppose');
INSERT INTO public.party_stances (id, option_id, party_id, stance) VALUES (210, 'peasant_levies', 'pan', 'oppose');
INSERT INTO public.party_stances (id, option_id, party_id, stance) VALUES (211, 'professional_army', 'ps', 'support');
INSERT INTO public.party_stances (id, option_id, party_id, stance) VALUES (212, 'professional_army', 'psd', 'strongly_support');
INSERT INTO public.party_stances (id, option_id, party_id, stance) VALUES (213, 'professional_army', 'chega', 'strongly_support');
INSERT INTO public.party_stances (id, option_id, party_id, stance) VALUES (214, 'professional_army', 'il', 'support');
INSERT INTO public.party_stances (id, option_id, party_id, stance) VALUES (215, 'professional_army', 'be', 'neutral');
INSERT INTO public.party_stances (id, option_id, party_id, stance) VALUES (216, 'professional_army', 'cdu', 'neutral');
INSERT INTO public.party_stances (id, option_id, party_id, stance) VALUES (217, 'professional_army', 'pan', 'oppose');
INSERT INTO public.party_stances (id, option_id, party_id, stance) VALUES (218, 'national_militia', 'ps', 'neutral');
INSERT INTO public.party_stances (id, option_id, party_id, stance) VALUES (219, 'national_militia', 'psd', 'neutral');
INSERT INTO public.party_stances (id, option_id, party_id, stance) VALUES (220, 'national_militia', 'chega', 'support');
INSERT INTO public.party_stances (id, option_id, party_id, stance) VALUES (221, 'national_militia', 'il', 'neutral');
INSERT INTO public.party_stances (id, option_id, party_id, stance) VALUES (222, 'national_militia', 'be', 'support');
INSERT INTO public.party_stances (id, option_id, party_id, stance) VALUES (223, 'national_militia', 'cdu', 'support');
INSERT INTO public.party_stances (id, option_id, party_id, stance) VALUES (224, 'national_militia', 'pan', 'support');
INSERT INTO public.party_stances (id, option_id, party_id, stance) VALUES (225, 'mass_conscription', 'ps', 'oppose');
INSERT INTO public.party_stances (id, option_id, party_id, stance) VALUES (226, 'mass_conscription', 'psd', 'neutral');
INSERT INTO public.party_stances (id, option_id, party_id, stance) VALUES (227, 'mass_conscription', 'chega', 'support');
INSERT INTO public.party_stances (id, option_id, party_id, stance) VALUES (228, 'mass_conscription', 'il', 'oppose');
INSERT INTO public.party_stances (id, option_id, party_id, stance) VALUES (229, 'mass_conscription', 'be', 'oppose');
INSERT INTO public.party_stances (id, option_id, party_id, stance) VALUES (230, 'mass_conscription', 'cdu', 'oppose');
INSERT INTO public.party_stances (id, option_id, party_id, stance) VALUES (231, 'mass_conscription', 'pan', 'strongly_oppose');
INSERT INTO public.party_stances (id, option_id, party_id, stance) VALUES (232, 'no_naval_force', 'ps', 'oppose');
INSERT INTO public.party_stances (id, option_id, party_id, stance) VALUES (233, 'no_naval_force', 'psd', 'strongly_oppose');
INSERT INTO public.party_stances (id, option_id, party_id, stance) VALUES (234, 'no_naval_force', 'chega', 'strongly_oppose');
INSERT INTO public.party_stances (id, option_id, party_id, stance) VALUES (235, 'no_naval_force', 'il', 'neutral');
INSERT INTO public.party_stances (id, option_id, party_id, stance) VALUES (236, 'no_naval_force', 'be', 'neutral');
INSERT INTO public.party_stances (id, option_id, party_id, stance) VALUES (237, 'no_naval_force', 'cdu', 'neutral');
INSERT INTO public.party_stances (id, option_id, party_id, stance) VALUES (238, 'no_naval_force', 'pan', 'support');
INSERT INTO public.party_stances (id, option_id, party_id, stance) VALUES (239, 'coastal_defense', 'ps', 'support');
INSERT INTO public.party_stances (id, option_id, party_id, stance) VALUES (240, 'coastal_defense', 'psd', 'support');
INSERT INTO public.party_stances (id, option_id, party_id, stance) VALUES (241, 'coastal_defense', 'chega', 'neutral');
INSERT INTO public.party_stances (id, option_id, party_id, stance) VALUES (242, 'coastal_defense', 'il', 'support');
INSERT INTO public.party_stances (id, option_id, party_id, stance) VALUES (243, 'coastal_defense', 'be', 'support');
INSERT INTO public.party_stances (id, option_id, party_id, stance) VALUES (244, 'coastal_defense', 'cdu', 'support');
INSERT INTO public.party_stances (id, option_id, party_id, stance) VALUES (245, 'coastal_defense', 'pan', 'support');
INSERT INTO public.party_stances (id, option_id, party_id, stance) VALUES (246, 'trade_protection', 'ps', 'support');
INSERT INTO public.party_stances (id, option_id, party_id, stance) VALUES (247, 'trade_protection', 'psd', 'strongly_support');
INSERT INTO public.party_stances (id, option_id, party_id, stance) VALUES (248, 'trade_protection', 'chega', 'support');
INSERT INTO public.party_stances (id, option_id, party_id, stance) VALUES (249, 'trade_protection', 'il', 'strongly_support');
INSERT INTO public.party_stances (id, option_id, party_id, stance) VALUES (250, 'trade_protection', 'be', 'neutral');
INSERT INTO public.party_stances (id, option_id, party_id, stance) VALUES (251, 'trade_protection', 'cdu', 'neutral');
INSERT INTO public.party_stances (id, option_id, party_id, stance) VALUES (252, 'trade_protection', 'pan', 'neutral');
INSERT INTO public.party_stances (id, option_id, party_id, stance) VALUES (253, 'power_projection', 'ps', 'oppose');
INSERT INTO public.party_stances (id, option_id, party_id, stance) VALUES (254, 'power_projection', 'psd', 'neutral');
INSERT INTO public.party_stances (id, option_id, party_id, stance) VALUES (255, 'power_projection', 'chega', 'support');
INSERT INTO public.party_stances (id, option_id, party_id, stance) VALUES (256, 'power_projection', 'il', 'neutral');
INSERT INTO public.party_stances (id, option_id, party_id, stance) VALUES (257, 'power_projection', 'be', 'strongly_oppose');
INSERT INTO public.party_stances (id, option_id, party_id, stance) VALUES (258, 'power_projection', 'cdu', 'oppose');
INSERT INTO public.party_stances (id, option_id, party_id, stance) VALUES (259, 'power_projection', 'pan', 'strongly_oppose');
INSERT INTO public.party_stances (id, option_id, party_id, stance) VALUES (260, 'guaranteed_liberties', 'ps', 'strongly_support');
INSERT INTO public.party_stances (id, option_id, party_id, stance) VALUES (261, 'guaranteed_liberties', 'psd', 'support');
INSERT INTO public.party_stances (id, option_id, party_id, stance) VALUES (262, 'guaranteed_liberties', 'chega', 'oppose');
INSERT INTO public.party_stances (id, option_id, party_id, stance) VALUES (263, 'guaranteed_liberties', 'il', 'strongly_support');
INSERT INTO public.party_stances (id, option_id, party_id, stance) VALUES (264, 'guaranteed_liberties', 'be', 'strongly_support');
INSERT INTO public.party_stances (id, option_id, party_id, stance) VALUES (265, 'guaranteed_liberties', 'cdu', 'support');
INSERT INTO public.party_stances (id, option_id, party_id, stance) VALUES (266, 'guaranteed_liberties', 'pan', 'strongly_support');
INSERT INTO public.party_stances (id, option_id, party_id, stance) VALUES (267, 'homeland_defense_force', 'ps', 'support');
INSERT INTO public.party_stances (id, option_id, party_id, stance) VALUES (268, 'homeland_defense_force', 'psd', 'strongly_support');
INSERT INTO public.party_stances (id, option_id, party_id, stance) VALUES (269, 'homeland_defense_force', 'chega', 'strongly_support');
INSERT INTO public.party_stances (id, option_id, party_id, stance) VALUES (270, 'homeland_defense_force', 'il', 'support');
INSERT INTO public.party_stances (id, option_id, party_id, stance) VALUES (271, 'homeland_defense_force', 'be', 'neutral');
INSERT INTO public.party_stances (id, option_id, party_id, stance) VALUES (272, 'homeland_defense_force', 'cdu', 'neutral');
INSERT INTO public.party_stances (id, option_id, party_id, stance) VALUES (273, 'homeland_defense_force', 'pan', 'support');
INSERT INTO public.party_stances (id, option_id, party_id, stance) VALUES (274, 'secret_police', 'ps', 'strongly_oppose');
INSERT INTO public.party_stances (id, option_id, party_id, stance) VALUES (275, 'secret_police', 'psd', 'strongly_oppose');
INSERT INTO public.party_stances (id, option_id, party_id, stance) VALUES (276, 'secret_police', 'chega', 'neutral');
INSERT INTO public.party_stances (id, option_id, party_id, stance) VALUES (277, 'secret_police', 'il', 'strongly_oppose');
INSERT INTO public.party_stances (id, option_id, party_id, stance) VALUES (278, 'secret_police', 'be', 'strongly_oppose');
INSERT INTO public.party_stances (id, option_id, party_id, stance) VALUES (279, 'secret_police', 'cdu', 'strongly_oppose');
INSERT INTO public.party_stances (id, option_id, party_id, stance) VALUES (280, 'secret_police', 'pan', 'strongly_oppose');
INSERT INTO public.party_stances (id, option_id, party_id, stance) VALUES (281, 'traditionalism', 'ps', 'strongly_oppose');
INSERT INTO public.party_stances (id, option_id, party_id, stance) VALUES (282, 'traditionalism', 'psd', 'oppose');
INSERT INTO public.party_stances (id, option_id, party_id, stance) VALUES (283, 'traditionalism', 'chega', 'neutral');
INSERT INTO public.party_stances (id, option_id, party_id, stance) VALUES (284, 'traditionalism', 'il', 'oppose');
INSERT INTO public.party_stances (id, option_id, party_id, stance) VALUES (285, 'traditionalism', 'be', 'strongly_oppose');
INSERT INTO public.party_stances (id, option_id, party_id, stance) VALUES (286, 'traditionalism', 'cdu', 'strongly_oppose');
INSERT INTO public.party_stances (id, option_id, party_id, stance) VALUES (287, 'traditionalism', 'pan', 'neutral');
INSERT INTO public.party_stances (id, option_id, party_id, stance) VALUES (288, 'agrarianism', 'ps', 'neutral');
INSERT INTO public.party_stances (id, option_id, party_id, stance) VALUES (289, 'agrarianism', 'psd', 'neutral');
INSERT INTO public.party_stances (id, option_id, party_id, stance) VALUES (290, 'agrarianism', 'chega', 'support');
INSERT INTO public.party_stances (id, option_id, party_id, stance) VALUES (291, 'agrarianism', 'il', 'neutral');
INSERT INTO public.party_stances (id, option_id, party_id, stance) VALUES (292, 'agrarianism', 'be', 'neutral');
INSERT INTO public.party_stances (id, option_id, party_id, stance) VALUES (293, 'agrarianism', 'cdu', 'neutral');
INSERT INTO public.party_stances (id, option_id, party_id, stance) VALUES (294, 'agrarianism', 'pan', 'support');
INSERT INTO public.party_stances (id, option_id, party_id, stance) VALUES (295, 'interventionism', 'ps', 'strongly_support');
INSERT INTO public.party_stances (id, option_id, party_id, stance) VALUES (296, 'interventionism', 'psd', 'support');
INSERT INTO public.party_stances (id, option_id, party_id, stance) VALUES (297, 'interventionism', 'chega', 'support');
INSERT INTO public.party_stances (id, option_id, party_id, stance) VALUES (298, 'interventionism', 'il', 'neutral');
INSERT INTO public.party_stances (id, option_id, party_id, stance) VALUES (299, 'interventionism', 'be', 'neutral');
INSERT INTO public.party_stances (id, option_id, party_id, stance) VALUES (300, 'interventionism', 'cdu', 'oppose');
INSERT INTO public.party_stances (id, option_id, party_id, stance) VALUES (301, 'interventionism', 'pan', 'support');
INSERT INTO public.party_stances (id, option_id, party_id, stance) VALUES (302, 'laissez_faire', 'ps', 'strongly_oppose');
INSERT INTO public.party_stances (id, option_id, party_id, stance) VALUES (303, 'laissez_faire', 'psd', 'support');
INSERT INTO public.party_stances (id, option_id, party_id, stance) VALUES (304, 'laissez_faire', 'chega', 'neutral');
INSERT INTO public.party_stances (id, option_id, party_id, stance) VALUES (305, 'laissez_faire', 'il', 'strongly_support');
INSERT INTO public.party_stances (id, option_id, party_id, stance) VALUES (306, 'laissez_faire', 'be', 'strongly_oppose');
INSERT INTO public.party_stances (id, option_id, party_id, stance) VALUES (307, 'laissez_faire', 'cdu', 'strongly_oppose');
INSERT INTO public.party_stances (id, option_id, party_id, stance) VALUES (308, 'laissez_faire', 'pan', 'oppose');
INSERT INTO public.party_stances (id, option_id, party_id, stance) VALUES (309, 'cooperative_ownership', 'ps', 'neutral');
INSERT INTO public.party_stances (id, option_id, party_id, stance) VALUES (310, 'cooperative_ownership', 'psd', 'oppose');
INSERT INTO public.party_stances (id, option_id, party_id, stance) VALUES (311, 'cooperative_ownership', 'chega', 'strongly_oppose');
INSERT INTO public.party_stances (id, option_id, party_id, stance) VALUES (312, 'cooperative_ownership', 'il', 'strongly_oppose');
INSERT INTO public.party_stances (id, option_id, party_id, stance) VALUES (313, 'cooperative_ownership', 'be', 'strongly_support');
INSERT INTO public.party_stances (id, option_id, party_id, stance) VALUES (314, 'cooperative_ownership', 'cdu', 'strongly_support');
INSERT INTO public.party_stances (id, option_id, party_id, stance) VALUES (315, 'cooperative_ownership', 'pan', 'support');
INSERT INTO public.party_stances (id, option_id, party_id, stance) VALUES (316, 'command_economy', 'ps', 'oppose');
INSERT INTO public.party_stances (id, option_id, party_id, stance) VALUES (317, 'command_economy', 'psd', 'strongly_oppose');
INSERT INTO public.party_stances (id, option_id, party_id, stance) VALUES (318, 'command_economy', 'chega', 'strongly_oppose');
INSERT INTO public.party_stances (id, option_id, party_id, stance) VALUES (319, 'command_economy', 'il', 'strongly_oppose');
INSERT INTO public.party_stances (id, option_id, party_id, stance) VALUES (320, 'command_economy', 'be', 'support');
INSERT INTO public.party_stances (id, option_id, party_id, stance) VALUES (321, 'command_economy', 'cdu', 'strongly_support');
INSERT INTO public.party_stances (id, option_id, party_id, stance) VALUES (322, 'command_economy', 'pan', 'neutral');
INSERT INTO public.party_stances (id, option_id, party_id, stance) VALUES (323, 'isolationism', 'ps', 'oppose');
INSERT INTO public.party_stances (id, option_id, party_id, stance) VALUES (324, 'isolationism', 'psd', 'oppose');
INSERT INTO public.party_stances (id, option_id, party_id, stance) VALUES (325, 'isolationism', 'chega', 'support');
INSERT INTO public.party_stances (id, option_id, party_id, stance) VALUES (326, 'isolationism', 'il', 'strongly_oppose');
INSERT INTO public.party_stances (id, option_id, party_id, stance) VALUES (327, 'isolationism', 'be', 'neutral');
INSERT INTO public.party_stances (id, option_id, party_id, stance) VALUES (328, 'isolationism', 'cdu', 'neutral');
INSERT INTO public.party_stances (id, option_id, party_id, stance) VALUES (329, 'isolationism', 'pan', 'neutral');
INSERT INTO public.party_stances (id, option_id, party_id, stance) VALUES (330, 'mercantilism', 'ps', 'support');
INSERT INTO public.party_stances (id, option_id, party_id, stance) VALUES (331, 'mercantilism', 'psd', 'support');
INSERT INTO public.party_stances (id, option_id, party_id, stance) VALUES (332, 'mercantilism', 'chega', 'support');
INSERT INTO public.party_stances (id, option_id, party_id, stance) VALUES (333, 'mercantilism', 'il', 'neutral');
INSERT INTO public.party_stances (id, option_id, party_id, stance) VALUES (334, 'mercantilism', 'be', 'support');
INSERT INTO public.party_stances (id, option_id, party_id, stance) VALUES (335, 'mercantilism', 'cdu', 'support');
INSERT INTO public.party_stances (id, option_id, party_id, stance) VALUES (336, 'mercantilism', 'pan', 'support');
INSERT INTO public.party_stances (id, option_id, party_id, stance) VALUES (337, 'protectionism', 'ps', 'neutral');
INSERT INTO public.party_stances (id, option_id, party_id, stance) VALUES (338, 'protectionism', 'psd', 'neutral');
INSERT INTO public.party_stances (id, option_id, party_id, stance) VALUES (339, 'protectionism', 'chega', 'strongly_support');
INSERT INTO public.party_stances (id, option_id, party_id, stance) VALUES (340, 'protectionism', 'il', 'strongly_oppose');
INSERT INTO public.party_stances (id, option_id, party_id, stance) VALUES (341, 'protectionism', 'be', 'support');
INSERT INTO public.party_stances (id, option_id, party_id, stance) VALUES (342, 'protectionism', 'cdu', 'support');
INSERT INTO public.party_stances (id, option_id, party_id, stance) VALUES (343, 'protectionism', 'pan', 'support');
INSERT INTO public.party_stances (id, option_id, party_id, stance) VALUES (344, 'free_trade', 'ps', 'neutral');
INSERT INTO public.party_stances (id, option_id, party_id, stance) VALUES (345, 'free_trade', 'psd', 'support');
INSERT INTO public.party_stances (id, option_id, party_id, stance) VALUES (346, 'free_trade', 'chega', 'oppose');
INSERT INTO public.party_stances (id, option_id, party_id, stance) VALUES (347, 'free_trade', 'il', 'strongly_support');
INSERT INTO public.party_stances (id, option_id, party_id, stance) VALUES (348, 'free_trade', 'be', 'oppose');
INSERT INTO public.party_stances (id, option_id, party_id, stance) VALUES (349, 'free_trade', 'cdu', 'strongly_oppose');
INSERT INTO public.party_stances (id, option_id, party_id, stance) VALUES (350, 'free_trade', 'pan', 'neutral');
INSERT INTO public.party_stances (id, option_id, party_id, stance) VALUES (351, 'consumption_based', 'ps', 'strongly_oppose');
INSERT INTO public.party_stances (id, option_id, party_id, stance) VALUES (352, 'consumption_based', 'psd', 'neutral');
INSERT INTO public.party_stances (id, option_id, party_id, stance) VALUES (353, 'consumption_based', 'chega', 'neutral');
INSERT INTO public.party_stances (id, option_id, party_id, stance) VALUES (354, 'consumption_based', 'il', 'support');
INSERT INTO public.party_stances (id, option_id, party_id, stance) VALUES (355, 'consumption_based', 'be', 'strongly_oppose');
INSERT INTO public.party_stances (id, option_id, party_id, stance) VALUES (356, 'consumption_based', 'cdu', 'strongly_oppose');
INSERT INTO public.party_stances (id, option_id, party_id, stance) VALUES (357, 'consumption_based', 'pan', 'oppose');
INSERT INTO public.party_stances (id, option_id, party_id, stance) VALUES (358, 'land_based', 'ps', 'neutral');
INSERT INTO public.party_stances (id, option_id, party_id, stance) VALUES (359, 'land_based', 'psd', 'neutral');
INSERT INTO public.party_stances (id, option_id, party_id, stance) VALUES (360, 'land_based', 'chega', 'neutral');
INSERT INTO public.party_stances (id, option_id, party_id, stance) VALUES (361, 'land_based', 'il', 'neutral');
INSERT INTO public.party_stances (id, option_id, party_id, stance) VALUES (362, 'land_based', 'be', 'neutral');
INSERT INTO public.party_stances (id, option_id, party_id, stance) VALUES (363, 'land_based', 'cdu', 'neutral');
INSERT INTO public.party_stances (id, option_id, party_id, stance) VALUES (364, 'land_based', 'pan', 'neutral');
INSERT INTO public.party_stances (id, option_id, party_id, stance) VALUES (365, 'per_capita', 'ps', 'strongly_oppose');
INSERT INTO public.party_stances (id, option_id, party_id, stance) VALUES (366, 'per_capita', 'psd', 'neutral');
INSERT INTO public.party_stances (id, option_id, party_id, stance) VALUES (367, 'per_capita', 'chega', 'neutral');
INSERT INTO public.party_stances (id, option_id, party_id, stance) VALUES (368, 'per_capita', 'il', 'support');
INSERT INTO public.party_stances (id, option_id, party_id, stance) VALUES (369, 'per_capita', 'be', 'strongly_oppose');
INSERT INTO public.party_stances (id, option_id, party_id, stance) VALUES (370, 'per_capita', 'cdu', 'strongly_oppose');
INSERT INTO public.party_stances (id, option_id, party_id, stance) VALUES (371, 'per_capita', 'pan', 'oppose');
INSERT INTO public.party_stances (id, option_id, party_id, stance) VALUES (372, 'proportional', 'ps', 'oppose');
INSERT INTO public.party_stances (id, option_id, party_id, stance) VALUES (373, 'proportional', 'psd', 'support');
INSERT INTO public.party_stances (id, option_id, party_id, stance) VALUES (374, 'proportional', 'chega', 'support');
INSERT INTO public.party_stances (id, option_id, party_id, stance) VALUES (375, 'proportional', 'il', 'strongly_support');
INSERT INTO public.party_stances (id, option_id, party_id, stance) VALUES (376, 'proportional', 'be', 'strongly_oppose');
INSERT INTO public.party_stances (id, option_id, party_id, stance) VALUES (377, 'proportional', 'cdu', 'strongly_oppose');
INSERT INTO public.party_stances (id, option_id, party_id, stance) VALUES (378, 'proportional', 'pan', 'neutral');
INSERT INTO public.party_stances (id, option_id, party_id, stance) VALUES (379, 'graduated', 'ps', 'strongly_support');
INSERT INTO public.party_stances (id, option_id, party_id, stance) VALUES (380, 'graduated', 'psd', 'neutral');
INSERT INTO public.party_stances (id, option_id, party_id, stance) VALUES (381, 'graduated', 'chega', 'oppose');
INSERT INTO public.party_stances (id, option_id, party_id, stance) VALUES (382, 'graduated', 'il', 'strongly_oppose');
INSERT INTO public.party_stances (id, option_id, party_id, stance) VALUES (383, 'graduated', 'be', 'strongly_support');
INSERT INTO public.party_stances (id, option_id, party_id, stance) VALUES (384, 'graduated', 'cdu', 'strongly_support');
INSERT INTO public.party_stances (id, option_id, party_id, stance) VALUES (385, 'graduated', 'pan', 'support');
INSERT INTO public.party_stances (id, option_id, party_id, stance) VALUES (386, 'serfdom', 'ps', 'strongly_oppose');
INSERT INTO public.party_stances (id, option_id, party_id, stance) VALUES (387, 'serfdom', 'psd', 'strongly_oppose');
INSERT INTO public.party_stances (id, option_id, party_id, stance) VALUES (388, 'serfdom', 'chega', 'neutral');
INSERT INTO public.party_stances (id, option_id, party_id, stance) VALUES (389, 'serfdom', 'il', 'oppose');
INSERT INTO public.party_stances (id, option_id, party_id, stance) VALUES (390, 'serfdom', 'be', 'strongly_oppose');
INSERT INTO public.party_stances (id, option_id, party_id, stance) VALUES (391, 'serfdom', 'cdu', 'strongly_oppose');
INSERT INTO public.party_stances (id, option_id, party_id, stance) VALUES (392, 'serfdom', 'pan', 'strongly_oppose');
INSERT INTO public.party_stances (id, option_id, party_id, stance) VALUES (393, 'tenant_farmers', 'ps', 'oppose');
INSERT INTO public.party_stances (id, option_id, party_id, stance) VALUES (394, 'tenant_farmers', 'psd', 'neutral');
INSERT INTO public.party_stances (id, option_id, party_id, stance) VALUES (395, 'tenant_farmers', 'chega', 'neutral');
INSERT INTO public.party_stances (id, option_id, party_id, stance) VALUES (396, 'tenant_farmers', 'il', 'neutral');
INSERT INTO public.party_stances (id, option_id, party_id, stance) VALUES (397, 'tenant_farmers', 'be', 'oppose');
INSERT INTO public.party_stances (id, option_id, party_id, stance) VALUES (398, 'tenant_farmers', 'cdu', 'oppose');
INSERT INTO public.party_stances (id, option_id, party_id, stance) VALUES (399, 'tenant_farmers', 'pan', 'neutral');
INSERT INTO public.party_stances (id, option_id, party_id, stance) VALUES (400, 'commercialized_agriculture', 'ps', 'neutral');
INSERT INTO public.party_stances (id, option_id, party_id, stance) VALUES (401, 'commercialized_agriculture', 'psd', 'support');
INSERT INTO public.party_stances (id, option_id, party_id, stance) VALUES (402, 'commercialized_agriculture', 'chega', 'support');
INSERT INTO public.party_stances (id, option_id, party_id, stance) VALUES (403, 'commercialized_agriculture', 'il', 'strongly_support');
INSERT INTO public.party_stances (id, option_id, party_id, stance) VALUES (404, 'commercialized_agriculture', 'be', 'oppose');
INSERT INTO public.party_stances (id, option_id, party_id, stance) VALUES (405, 'commercialized_agriculture', 'cdu', 'oppose');
INSERT INTO public.party_stances (id, option_id, party_id, stance) VALUES (406, 'commercialized_agriculture', 'pan', 'neutral');
INSERT INTO public.party_stances (id, option_id, party_id, stance) VALUES (407, 'peasant_proprietorship', 'ps', 'support');
INSERT INTO public.party_stances (id, option_id, party_id, stance) VALUES (408, 'peasant_proprietorship', 'psd', 'support');
INSERT INTO public.party_stances (id, option_id, party_id, stance) VALUES (409, 'peasant_proprietorship', 'chega', 'strongly_support');
INSERT INTO public.party_stances (id, option_id, party_id, stance) VALUES (410, 'peasant_proprietorship', 'il', 'neutral');
INSERT INTO public.party_stances (id, option_id, party_id, stance) VALUES (411, 'peasant_proprietorship', 'be', 'support');
INSERT INTO public.party_stances (id, option_id, party_id, stance) VALUES (412, 'peasant_proprietorship', 'cdu', 'support');
INSERT INTO public.party_stances (id, option_id, party_id, stance) VALUES (413, 'peasant_proprietorship', 'pan', 'support');
INSERT INTO public.party_stances (id, option_id, party_id, stance) VALUES (414, 'collectivized_agriculture', 'ps', 'oppose');
INSERT INTO public.party_stances (id, option_id, party_id, stance) VALUES (415, 'collectivized_agriculture', 'psd', 'strongly_oppose');
INSERT INTO public.party_stances (id, option_id, party_id, stance) VALUES (416, 'collectivized_agriculture', 'chega', 'strongly_oppose');
INSERT INTO public.party_stances (id, option_id, party_id, stance) VALUES (417, 'collectivized_agriculture', 'il', 'strongly_oppose');
INSERT INTO public.party_stances (id, option_id, party_id, stance) VALUES (418, 'collectivized_agriculture', 'be', 'support');
INSERT INTO public.party_stances (id, option_id, party_id, stance) VALUES (419, 'collectivized_agriculture', 'cdu', 'strongly_support');
INSERT INTO public.party_stances (id, option_id, party_id, stance) VALUES (420, 'collectivized_agriculture', 'pan', 'neutral');
INSERT INTO public.party_stances (id, option_id, party_id, stance) VALUES (421, 'no_colonial_affairs', 'ps', 'strongly_support');
INSERT INTO public.party_stances (id, option_id, party_id, stance) VALUES (422, 'no_colonial_affairs', 'psd', 'support');
INSERT INTO public.party_stances (id, option_id, party_id, stance) VALUES (423, 'no_colonial_affairs', 'chega', 'neutral');
INSERT INTO public.party_stances (id, option_id, party_id, stance) VALUES (424, 'no_colonial_affairs', 'il', 'strongly_support');
INSERT INTO public.party_stances (id, option_id, party_id, stance) VALUES (425, 'no_colonial_affairs', 'be', 'strongly_support');
INSERT INTO public.party_stances (id, option_id, party_id, stance) VALUES (426, 'no_colonial_affairs', 'cdu', 'strongly_support');
INSERT INTO public.party_stances (id, option_id, party_id, stance) VALUES (427, 'no_colonial_affairs', 'pan', 'strongly_support');
INSERT INTO public.party_stances (id, option_id, party_id, stance) VALUES (428, 'frontier_colonization', 'ps', 'oppose');
INSERT INTO public.party_stances (id, option_id, party_id, stance) VALUES (429, 'frontier_colonization', 'psd', 'neutral');
INSERT INTO public.party_stances (id, option_id, party_id, stance) VALUES (430, 'frontier_colonization', 'chega', 'neutral');
INSERT INTO public.party_stances (id, option_id, party_id, stance) VALUES (431, 'frontier_colonization', 'il', 'neutral');
INSERT INTO public.party_stances (id, option_id, party_id, stance) VALUES (432, 'frontier_colonization', 'be', 'strongly_oppose');
INSERT INTO public.party_stances (id, option_id, party_id, stance) VALUES (433, 'frontier_colonization', 'cdu', 'oppose');
INSERT INTO public.party_stances (id, option_id, party_id, stance) VALUES (434, 'frontier_colonization', 'pan', 'oppose');
INSERT INTO public.party_stances (id, option_id, party_id, stance) VALUES (435, 'colonial_resettlement', 'ps', 'strongly_oppose');
INSERT INTO public.party_stances (id, option_id, party_id, stance) VALUES (436, 'colonial_resettlement', 'psd', 'oppose');
INSERT INTO public.party_stances (id, option_id, party_id, stance) VALUES (437, 'colonial_resettlement', 'chega', 'neutral');
INSERT INTO public.party_stances (id, option_id, party_id, stance) VALUES (438, 'colonial_resettlement', 'il', 'neutral');
INSERT INTO public.party_stances (id, option_id, party_id, stance) VALUES (439, 'colonial_resettlement', 'be', 'strongly_oppose');
INSERT INTO public.party_stances (id, option_id, party_id, stance) VALUES (440, 'colonial_resettlement', 'cdu', 'strongly_oppose');
INSERT INTO public.party_stances (id, option_id, party_id, stance) VALUES (441, 'colonial_resettlement', 'pan', 'strongly_oppose');
INSERT INTO public.party_stances (id, option_id, party_id, stance) VALUES (442, 'colonial_exploitation', 'ps', 'strongly_oppose');
INSERT INTO public.party_stances (id, option_id, party_id, stance) VALUES (443, 'colonial_exploitation', 'psd', 'strongly_oppose');
INSERT INTO public.party_stances (id, option_id, party_id, stance) VALUES (444, 'colonial_exploitation', 'chega', 'neutral');
INSERT INTO public.party_stances (id, option_id, party_id, stance) VALUES (445, 'colonial_exploitation', 'il', 'oppose');
INSERT INTO public.party_stances (id, option_id, party_id, stance) VALUES (446, 'colonial_exploitation', 'be', 'strongly_oppose');
INSERT INTO public.party_stances (id, option_id, party_id, stance) VALUES (447, 'colonial_exploitation', 'cdu', 'strongly_oppose');
INSERT INTO public.party_stances (id, option_id, party_id, stance) VALUES (448, 'colonial_exploitation', 'pan', 'strongly_oppose');
INSERT INTO public.party_stances (id, option_id, party_id, stance) VALUES (449, 'no_police', 'ps', 'strongly_oppose');
INSERT INTO public.party_stances (id, option_id, party_id, stance) VALUES (450, 'no_police', 'psd', 'strongly_oppose');
INSERT INTO public.party_stances (id, option_id, party_id, stance) VALUES (451, 'no_police', 'chega', 'strongly_oppose');
INSERT INTO public.party_stances (id, option_id, party_id, stance) VALUES (452, 'no_police', 'il', 'strongly_oppose');
INSERT INTO public.party_stances (id, option_id, party_id, stance) VALUES (453, 'no_police', 'be', 'oppose');
INSERT INTO public.party_stances (id, option_id, party_id, stance) VALUES (454, 'no_police', 'cdu', 'oppose');
INSERT INTO public.party_stances (id, option_id, party_id, stance) VALUES (455, 'no_police', 'pan', 'oppose');
INSERT INTO public.party_stances (id, option_id, party_id, stance) VALUES (456, 'local_police_force', 'ps', 'support');
INSERT INTO public.party_stances (id, option_id, party_id, stance) VALUES (457, 'local_police_force', 'psd', 'neutral');
INSERT INTO public.party_stances (id, option_id, party_id, stance) VALUES (458, 'local_police_force', 'chega', 'oppose');
INSERT INTO public.party_stances (id, option_id, party_id, stance) VALUES (459, 'local_police_force', 'il', 'support');
INSERT INTO public.party_stances (id, option_id, party_id, stance) VALUES (460, 'local_police_force', 'be', 'strongly_support');
INSERT INTO public.party_stances (id, option_id, party_id, stance) VALUES (461, 'local_police_force', 'cdu', 'support');
INSERT INTO public.party_stances (id, option_id, party_id, stance) VALUES (462, 'local_police_force', 'pan', 'strongly_support');
INSERT INTO public.party_stances (id, option_id, party_id, stance) VALUES (463, 'dedicated_police_force', 'ps', 'support');
INSERT INTO public.party_stances (id, option_id, party_id, stance) VALUES (464, 'dedicated_police_force', 'psd', 'strongly_support');
INSERT INTO public.party_stances (id, option_id, party_id, stance) VALUES (465, 'dedicated_police_force', 'chega', 'support');
INSERT INTO public.party_stances (id, option_id, party_id, stance) VALUES (466, 'dedicated_police_force', 'il', 'support');
INSERT INTO public.party_stances (id, option_id, party_id, stance) VALUES (467, 'dedicated_police_force', 'be', 'neutral');
INSERT INTO public.party_stances (id, option_id, party_id, stance) VALUES (468, 'dedicated_police_force', 'cdu', 'neutral');
INSERT INTO public.party_stances (id, option_id, party_id, stance) VALUES (469, 'dedicated_police_force', 'pan', 'support');
INSERT INTO public.party_stances (id, option_id, party_id, stance) VALUES (470, 'militarized_police', 'ps', 'strongly_oppose');
INSERT INTO public.party_stances (id, option_id, party_id, stance) VALUES (471, 'militarized_police', 'psd', 'neutral');
INSERT INTO public.party_stances (id, option_id, party_id, stance) VALUES (472, 'militarized_police', 'chega', 'strongly_support');
INSERT INTO public.party_stances (id, option_id, party_id, stance) VALUES (473, 'militarized_police', 'il', 'oppose');
INSERT INTO public.party_stances (id, option_id, party_id, stance) VALUES (474, 'militarized_police', 'be', 'strongly_oppose');
INSERT INTO public.party_stances (id, option_id, party_id, stance) VALUES (475, 'militarized_police', 'cdu', 'oppose');
INSERT INTO public.party_stances (id, option_id, party_id, stance) VALUES (476, 'militarized_police', 'pan', 'strongly_oppose');
INSERT INTO public.party_stances (id, option_id, party_id, stance) VALUES (477, 'no_schools', 'ps', 'strongly_oppose');
INSERT INTO public.party_stances (id, option_id, party_id, stance) VALUES (478, 'no_schools', 'psd', 'strongly_oppose');
INSERT INTO public.party_stances (id, option_id, party_id, stance) VALUES (479, 'no_schools', 'chega', 'strongly_oppose');
INSERT INTO public.party_stances (id, option_id, party_id, stance) VALUES (480, 'no_schools', 'il', 'oppose');
INSERT INTO public.party_stances (id, option_id, party_id, stance) VALUES (481, 'no_schools', 'be', 'strongly_oppose');
INSERT INTO public.party_stances (id, option_id, party_id, stance) VALUES (482, 'no_schools', 'cdu', 'strongly_oppose');
INSERT INTO public.party_stances (id, option_id, party_id, stance) VALUES (483, 'no_schools', 'pan', 'strongly_oppose');
INSERT INTO public.party_stances (id, option_id, party_id, stance) VALUES (484, 'religious_schools', 'ps', 'oppose');
INSERT INTO public.party_stances (id, option_id, party_id, stance) VALUES (485, 'religious_schools', 'psd', 'neutral');
INSERT INTO public.party_stances (id, option_id, party_id, stance) VALUES (486, 'religious_schools', 'chega', 'support');
INSERT INTO public.party_stances (id, option_id, party_id, stance) VALUES (487, 'religious_schools', 'il', 'oppose');
INSERT INTO public.party_stances (id, option_id, party_id, stance) VALUES (488, 'religious_schools', 'be', 'strongly_oppose');
INSERT INTO public.party_stances (id, option_id, party_id, stance) VALUES (489, 'religious_schools', 'cdu', 'neutral');
INSERT INTO public.party_stances (id, option_id, party_id, stance) VALUES (490, 'religious_schools', 'pan', 'neutral');
INSERT INTO public.party_stances (id, option_id, party_id, stance) VALUES (491, 'private_schools', 'ps', 'oppose');
INSERT INTO public.party_stances (id, option_id, party_id, stance) VALUES (492, 'private_schools', 'psd', 'support');
INSERT INTO public.party_stances (id, option_id, party_id, stance) VALUES (493, 'private_schools', 'chega', 'neutral');
INSERT INTO public.party_stances (id, option_id, party_id, stance) VALUES (494, 'private_schools', 'il', 'strongly_support');
INSERT INTO public.party_stances (id, option_id, party_id, stance) VALUES (495, 'private_schools', 'be', 'strongly_oppose');
INSERT INTO public.party_stances (id, option_id, party_id, stance) VALUES (496, 'private_schools', 'cdu', 'strongly_oppose');
INSERT INTO public.party_stances (id, option_id, party_id, stance) VALUES (497, 'private_schools', 'pan', 'oppose');
INSERT INTO public.party_stances (id, option_id, party_id, stance) VALUES (498, 'public_schools', 'ps', 'strongly_support');
INSERT INTO public.party_stances (id, option_id, party_id, stance) VALUES (499, 'public_schools', 'psd', 'support');
INSERT INTO public.party_stances (id, option_id, party_id, stance) VALUES (500, 'public_schools', 'chega', 'support');
INSERT INTO public.party_stances (id, option_id, party_id, stance) VALUES (501, 'public_schools', 'il', 'neutral');
INSERT INTO public.party_stances (id, option_id, party_id, stance) VALUES (502, 'public_schools', 'be', 'strongly_support');
INSERT INTO public.party_stances (id, option_id, party_id, stance) VALUES (503, 'public_schools', 'cdu', 'strongly_support');
INSERT INTO public.party_stances (id, option_id, party_id, stance) VALUES (504, 'public_schools', 'pan', 'support');
INSERT INTO public.party_stances (id, option_id, party_id, stance) VALUES (505, 'no_health_system', 'ps', 'strongly_oppose');
INSERT INTO public.party_stances (id, option_id, party_id, stance) VALUES (506, 'no_health_system', 'psd', 'oppose');
INSERT INTO public.party_stances (id, option_id, party_id, stance) VALUES (507, 'no_health_system', 'chega', 'oppose');
INSERT INTO public.party_stances (id, option_id, party_id, stance) VALUES (508, 'no_health_system', 'il', 'neutral');
INSERT INTO public.party_stances (id, option_id, party_id, stance) VALUES (509, 'no_health_system', 'be', 'strongly_oppose');
INSERT INTO public.party_stances (id, option_id, party_id, stance) VALUES (510, 'no_health_system', 'cdu', 'strongly_oppose');
INSERT INTO public.party_stances (id, option_id, party_id, stance) VALUES (511, 'no_health_system', 'pan', 'strongly_oppose');
INSERT INTO public.party_stances (id, option_id, party_id, stance) VALUES (512, 'charity_hospitals', 'ps', 'oppose');
INSERT INTO public.party_stances (id, option_id, party_id, stance) VALUES (513, 'charity_hospitals', 'psd', 'neutral');
INSERT INTO public.party_stances (id, option_id, party_id, stance) VALUES (514, 'charity_hospitals', 'chega', 'neutral');
INSERT INTO public.party_stances (id, option_id, party_id, stance) VALUES (515, 'charity_hospitals', 'il', 'support');
INSERT INTO public.party_stances (id, option_id, party_id, stance) VALUES (516, 'charity_hospitals', 'be', 'strongly_oppose');
INSERT INTO public.party_stances (id, option_id, party_id, stance) VALUES (517, 'charity_hospitals', 'cdu', 'oppose');
INSERT INTO public.party_stances (id, option_id, party_id, stance) VALUES (518, 'charity_hospitals', 'pan', 'neutral');
INSERT INTO public.party_stances (id, option_id, party_id, stance) VALUES (519, 'private_health_insurance', 'ps', 'neutral');
INSERT INTO public.party_stances (id, option_id, party_id, stance) VALUES (520, 'private_health_insurance', 'psd', 'strongly_support');
INSERT INTO public.party_stances (id, option_id, party_id, stance) VALUES (521, 'private_health_insurance', 'chega', 'support');
INSERT INTO public.party_stances (id, option_id, party_id, stance) VALUES (522, 'private_health_insurance', 'il', 'support');
INSERT INTO public.party_stances (id, option_id, party_id, stance) VALUES (523, 'private_health_insurance', 'be', 'strongly_oppose');
INSERT INTO public.party_stances (id, option_id, party_id, stance) VALUES (524, 'private_health_insurance', 'cdu', 'strongly_oppose');
INSERT INTO public.party_stances (id, option_id, party_id, stance) VALUES (525, 'private_health_insurance', 'pan', 'oppose');
INSERT INTO public.party_stances (id, option_id, party_id, stance) VALUES (526, 'public_health_insurance', 'ps', 'strongly_support');
INSERT INTO public.party_stances (id, option_id, party_id, stance) VALUES (527, 'public_health_insurance', 'psd', 'support');
INSERT INTO public.party_stances (id, option_id, party_id, stance) VALUES (528, 'public_health_insurance', 'chega', 'support');
INSERT INTO public.party_stances (id, option_id, party_id, stance) VALUES (529, 'public_health_insurance', 'il', 'neutral');
INSERT INTO public.party_stances (id, option_id, party_id, stance) VALUES (530, 'public_health_insurance', 'be', 'strongly_support');
INSERT INTO public.party_stances (id, option_id, party_id, stance) VALUES (531, 'public_health_insurance', 'cdu', 'strongly_support');
INSERT INTO public.party_stances (id, option_id, party_id, stance) VALUES (532, 'public_health_insurance', 'pan', 'strongly_support');
INSERT INTO public.party_stances (id, option_id, party_id, stance) VALUES (533, 'outlawed_dissent', 'ps', 'strongly_oppose');
INSERT INTO public.party_stances (id, option_id, party_id, stance) VALUES (534, 'outlawed_dissent', 'psd', 'strongly_oppose');
INSERT INTO public.party_stances (id, option_id, party_id, stance) VALUES (535, 'outlawed_dissent', 'chega', 'neutral');
INSERT INTO public.party_stances (id, option_id, party_id, stance) VALUES (536, 'outlawed_dissent', 'il', 'strongly_oppose');
INSERT INTO public.party_stances (id, option_id, party_id, stance) VALUES (537, 'outlawed_dissent', 'be', 'strongly_oppose');
INSERT INTO public.party_stances (id, option_id, party_id, stance) VALUES (538, 'outlawed_dissent', 'cdu', 'strongly_oppose');
INSERT INTO public.party_stances (id, option_id, party_id, stance) VALUES (539, 'outlawed_dissent', 'pan', 'strongly_oppose');
INSERT INTO public.party_stances (id, option_id, party_id, stance) VALUES (540, 'censorship', 'ps', 'strongly_oppose');
INSERT INTO public.party_stances (id, option_id, party_id, stance) VALUES (541, 'censorship', 'psd', 'oppose');
INSERT INTO public.party_stances (id, option_id, party_id, stance) VALUES (542, 'censorship', 'chega', 'neutral');
INSERT INTO public.party_stances (id, option_id, party_id, stance) VALUES (543, 'censorship', 'il', 'strongly_oppose');
INSERT INTO public.party_stances (id, option_id, party_id, stance) VALUES (544, 'censorship', 'be', 'strongly_oppose');
INSERT INTO public.party_stances (id, option_id, party_id, stance) VALUES (545, 'censorship', 'cdu', 'oppose');
INSERT INTO public.party_stances (id, option_id, party_id, stance) VALUES (546, 'censorship', 'pan', 'strongly_oppose');
INSERT INTO public.party_stances (id, option_id, party_id, stance) VALUES (547, 'right_of_assembly', 'ps', 'support');
INSERT INTO public.party_stances (id, option_id, party_id, stance) VALUES (548, 'right_of_assembly', 'psd', 'support');
INSERT INTO public.party_stances (id, option_id, party_id, stance) VALUES (549, 'right_of_assembly', 'chega', 'oppose');
INSERT INTO public.party_stances (id, option_id, party_id, stance) VALUES (550, 'right_of_assembly', 'il', 'support');
INSERT INTO public.party_stances (id, option_id, party_id, stance) VALUES (551, 'right_of_assembly', 'be', 'support');
INSERT INTO public.party_stances (id, option_id, party_id, stance) VALUES (552, 'right_of_assembly', 'cdu', 'support');
INSERT INTO public.party_stances (id, option_id, party_id, stance) VALUES (553, 'right_of_assembly', 'pan', 'support');
INSERT INTO public.party_stances (id, option_id, party_id, stance) VALUES (554, 'protected_speech', 'ps', 'strongly_support');
INSERT INTO public.party_stances (id, option_id, party_id, stance) VALUES (555, 'protected_speech', 'psd', 'support');
INSERT INTO public.party_stances (id, option_id, party_id, stance) VALUES (556, 'protected_speech', 'chega', 'strongly_support');
INSERT INTO public.party_stances (id, option_id, party_id, stance) VALUES (557, 'protected_speech', 'il', 'strongly_support');
INSERT INTO public.party_stances (id, option_id, party_id, stance) VALUES (558, 'protected_speech', 'be', 'strongly_support');
INSERT INTO public.party_stances (id, option_id, party_id, stance) VALUES (559, 'protected_speech', 'cdu', 'support');
INSERT INTO public.party_stances (id, option_id, party_id, stance) VALUES (560, 'protected_speech', 'pan', 'strongly_support');
INSERT INTO public.party_stances (id, option_id, party_id, stance) VALUES (561, 'no_workers_rights', 'ps', 'strongly_oppose');
INSERT INTO public.party_stances (id, option_id, party_id, stance) VALUES (562, 'no_workers_rights', 'psd', 'oppose');
INSERT INTO public.party_stances (id, option_id, party_id, stance) VALUES (563, 'no_workers_rights', 'chega', 'neutral');
INSERT INTO public.party_stances (id, option_id, party_id, stance) VALUES (564, 'no_workers_rights', 'il', 'support');
INSERT INTO public.party_stances (id, option_id, party_id, stance) VALUES (565, 'no_workers_rights', 'be', 'strongly_oppose');
INSERT INTO public.party_stances (id, option_id, party_id, stance) VALUES (566, 'no_workers_rights', 'cdu', 'strongly_oppose');
INSERT INTO public.party_stances (id, option_id, party_id, stance) VALUES (567, 'no_workers_rights', 'pan', 'oppose');
INSERT INTO public.party_stances (id, option_id, party_id, stance) VALUES (568, 'regulatory_bodies', 'ps', 'neutral');
INSERT INTO public.party_stances (id, option_id, party_id, stance) VALUES (569, 'regulatory_bodies', 'psd', 'support');
INSERT INTO public.party_stances (id, option_id, party_id, stance) VALUES (570, 'regulatory_bodies', 'chega', 'support');
INSERT INTO public.party_stances (id, option_id, party_id, stance) VALUES (571, 'regulatory_bodies', 'il', 'strongly_support');
INSERT INTO public.party_stances (id, option_id, party_id, stance) VALUES (572, 'regulatory_bodies', 'be', 'oppose');
INSERT INTO public.party_stances (id, option_id, party_id, stance) VALUES (573, 'regulatory_bodies', 'cdu', 'oppose');
INSERT INTO public.party_stances (id, option_id, party_id, stance) VALUES (574, 'regulatory_bodies', 'pan', 'neutral');
INSERT INTO public.party_stances (id, option_id, party_id, stance) VALUES (575, 'workers_protections', 'ps', 'strongly_support');
INSERT INTO public.party_stances (id, option_id, party_id, stance) VALUES (576, 'workers_protections', 'psd', 'neutral');
INSERT INTO public.party_stances (id, option_id, party_id, stance) VALUES (577, 'workers_protections', 'chega', 'neutral');
INSERT INTO public.party_stances (id, option_id, party_id, stance) VALUES (578, 'workers_protections', 'il', 'oppose');
INSERT INTO public.party_stances (id, option_id, party_id, stance) VALUES (579, 'workers_protections', 'be', 'strongly_support');
INSERT INTO public.party_stances (id, option_id, party_id, stance) VALUES (580, 'workers_protections', 'cdu', 'strongly_support');
INSERT INTO public.party_stances (id, option_id, party_id, stance) VALUES (581, 'workers_protections', 'pan', 'support');
INSERT INTO public.party_stances (id, option_id, party_id, stance) VALUES (582, 'guild_system', 'ps', 'oppose');
INSERT INTO public.party_stances (id, option_id, party_id, stance) VALUES (583, 'guild_system', 'psd', 'oppose');
INSERT INTO public.party_stances (id, option_id, party_id, stance) VALUES (584, 'guild_system', 'chega', 'neutral');
INSERT INTO public.party_stances (id, option_id, party_id, stance) VALUES (585, 'guild_system', 'il', 'oppose');
INSERT INTO public.party_stances (id, option_id, party_id, stance) VALUES (586, 'guild_system', 'be', 'strongly_oppose');
INSERT INTO public.party_stances (id, option_id, party_id, stance) VALUES (587, 'guild_system', 'cdu', 'strongly_oppose');
INSERT INTO public.party_stances (id, option_id, party_id, stance) VALUES (588, 'guild_system', 'pan', 'neutral');
INSERT INTO public.party_stances (id, option_id, party_id, stance) VALUES (589, 'combination_acts', 'ps', 'strongly_oppose');
INSERT INTO public.party_stances (id, option_id, party_id, stance) VALUES (590, 'combination_acts', 'psd', 'oppose');
INSERT INTO public.party_stances (id, option_id, party_id, stance) VALUES (591, 'combination_acts', 'chega', 'neutral');
INSERT INTO public.party_stances (id, option_id, party_id, stance) VALUES (592, 'combination_acts', 'il', 'neutral');
INSERT INTO public.party_stances (id, option_id, party_id, stance) VALUES (593, 'combination_acts', 'be', 'strongly_oppose');
INSERT INTO public.party_stances (id, option_id, party_id, stance) VALUES (594, 'combination_acts', 'cdu', 'strongly_oppose');
INSERT INTO public.party_stances (id, option_id, party_id, stance) VALUES (595, 'combination_acts', 'pan', 'oppose');
INSERT INTO public.party_stances (id, option_id, party_id, stance) VALUES (596, 'anti_strike_laws', 'ps', 'strongly_oppose');
INSERT INTO public.party_stances (id, option_id, party_id, stance) VALUES (597, 'anti_strike_laws', 'psd', 'neutral');
INSERT INTO public.party_stances (id, option_id, party_id, stance) VALUES (598, 'anti_strike_laws', 'chega', 'support');
INSERT INTO public.party_stances (id, option_id, party_id, stance) VALUES (599, 'anti_strike_laws', 'il', 'support');
INSERT INTO public.party_stances (id, option_id, party_id, stance) VALUES (600, 'anti_strike_laws', 'be', 'strongly_oppose');
INSERT INTO public.party_stances (id, option_id, party_id, stance) VALUES (601, 'anti_strike_laws', 'cdu', 'strongly_oppose');
INSERT INTO public.party_stances (id, option_id, party_id, stance) VALUES (602, 'anti_strike_laws', 'pan', 'oppose');
INSERT INTO public.party_stances (id, option_id, party_id, stance) VALUES (603, 'right_to_associate', 'ps', 'strongly_support');
INSERT INTO public.party_stances (id, option_id, party_id, stance) VALUES (604, 'right_to_associate', 'psd', 'support');
INSERT INTO public.party_stances (id, option_id, party_id, stance) VALUES (605, 'right_to_associate', 'chega', 'support');
INSERT INTO public.party_stances (id, option_id, party_id, stance) VALUES (606, 'right_to_associate', 'il', 'support');
INSERT INTO public.party_stances (id, option_id, party_id, stance) VALUES (607, 'right_to_associate', 'be', 'strongly_support');
INSERT INTO public.party_stances (id, option_id, party_id, stance) VALUES (608, 'right_to_associate', 'cdu', 'strongly_support');
INSERT INTO public.party_stances (id, option_id, party_id, stance) VALUES (609, 'right_to_associate', 'pan', 'support');
INSERT INTO public.party_stances (id, option_id, party_id, stance) VALUES (610, 'corporatized_unions', 'ps', 'neutral');
INSERT INTO public.party_stances (id, option_id, party_id, stance) VALUES (611, 'corporatized_unions', 'psd', 'support');
INSERT INTO public.party_stances (id, option_id, party_id, stance) VALUES (612, 'corporatized_unions', 'chega', 'support');
INSERT INTO public.party_stances (id, option_id, party_id, stance) VALUES (613, 'corporatized_unions', 'il', 'neutral');
INSERT INTO public.party_stances (id, option_id, party_id, stance) VALUES (614, 'corporatized_unions', 'be', 'oppose');
INSERT INTO public.party_stances (id, option_id, party_id, stance) VALUES (615, 'corporatized_unions', 'cdu', 'oppose');
INSERT INTO public.party_stances (id, option_id, party_id, stance) VALUES (616, 'corporatized_unions', 'pan', 'neutral');
INSERT INTO public.party_stances (id, option_id, party_id, stance) VALUES (617, 'factory_councils', 'ps', 'oppose');
INSERT INTO public.party_stances (id, option_id, party_id, stance) VALUES (618, 'factory_councils', 'psd', 'strongly_oppose');
INSERT INTO public.party_stances (id, option_id, party_id, stance) VALUES (619, 'factory_councils', 'chega', 'strongly_oppose');
INSERT INTO public.party_stances (id, option_id, party_id, stance) VALUES (620, 'factory_councils', 'il', 'strongly_oppose');
INSERT INTO public.party_stances (id, option_id, party_id, stance) VALUES (621, 'factory_councils', 'be', 'strongly_support');
INSERT INTO public.party_stances (id, option_id, party_id, stance) VALUES (622, 'factory_councils', 'cdu', 'strongly_support');
INSERT INTO public.party_stances (id, option_id, party_id, stance) VALUES (623, 'factory_councils', 'pan', 'neutral');
INSERT INTO public.party_stances (id, option_id, party_id, stance) VALUES (624, 'legal_guardianship', 'ps', 'strongly_oppose');
INSERT INTO public.party_stances (id, option_id, party_id, stance) VALUES (625, 'legal_guardianship', 'psd', 'strongly_oppose');
INSERT INTO public.party_stances (id, option_id, party_id, stance) VALUES (626, 'legal_guardianship', 'chega', 'neutral');
INSERT INTO public.party_stances (id, option_id, party_id, stance) VALUES (627, 'legal_guardianship', 'il', 'strongly_oppose');
INSERT INTO public.party_stances (id, option_id, party_id, stance) VALUES (628, 'legal_guardianship', 'be', 'strongly_oppose');
INSERT INTO public.party_stances (id, option_id, party_id, stance) VALUES (629, 'legal_guardianship', 'cdu', 'strongly_oppose');
INSERT INTO public.party_stances (id, option_id, party_id, stance) VALUES (630, 'legal_guardianship', 'pan', 'strongly_oppose');
INSERT INTO public.party_stances (id, option_id, party_id, stance) VALUES (631, 'propertied_women', 'ps', 'strongly_oppose');
INSERT INTO public.party_stances (id, option_id, party_id, stance) VALUES (632, 'propertied_women', 'psd', 'oppose');
INSERT INTO public.party_stances (id, option_id, party_id, stance) VALUES (633, 'propertied_women', 'chega', 'neutral');
INSERT INTO public.party_stances (id, option_id, party_id, stance) VALUES (634, 'propertied_women', 'il', 'neutral');
INSERT INTO public.party_stances (id, option_id, party_id, stance) VALUES (635, 'propertied_women', 'be', 'strongly_oppose');
INSERT INTO public.party_stances (id, option_id, party_id, stance) VALUES (636, 'propertied_women', 'cdu', 'oppose');
INSERT INTO public.party_stances (id, option_id, party_id, stance) VALUES (637, 'propertied_women', 'pan', 'oppose');
INSERT INTO public.party_stances (id, option_id, party_id, stance) VALUES (638, 'women_in_the_workplace', 'ps', 'neutral');
INSERT INTO public.party_stances (id, option_id, party_id, stance) VALUES (639, 'women_in_the_workplace', 'psd', 'support');
INSERT INTO public.party_stances (id, option_id, party_id, stance) VALUES (640, 'women_in_the_workplace', 'chega', 'support');
INSERT INTO public.party_stances (id, option_id, party_id, stance) VALUES (641, 'women_in_the_workplace', 'il', 'support');
INSERT INTO public.party_stances (id, option_id, party_id, stance) VALUES (642, 'women_in_the_workplace', 'be', 'oppose');
INSERT INTO public.party_stances (id, option_id, party_id, stance) VALUES (643, 'women_in_the_workplace', 'cdu', 'neutral');
INSERT INTO public.party_stances (id, option_id, party_id, stance) VALUES (644, 'women_in_the_workplace', 'pan', 'neutral');
INSERT INTO public.party_stances (id, option_id, party_id, stance) VALUES (645, 'womens_suffrage', 'ps', 'strongly_support');
INSERT INTO public.party_stances (id, option_id, party_id, stance) VALUES (646, 'womens_suffrage', 'psd', 'strongly_support');
INSERT INTO public.party_stances (id, option_id, party_id, stance) VALUES (647, 'womens_suffrage', 'chega', 'support');
INSERT INTO public.party_stances (id, option_id, party_id, stance) VALUES (648, 'womens_suffrage', 'il', 'strongly_support');
INSERT INTO public.party_stances (id, option_id, party_id, stance) VALUES (649, 'womens_suffrage', 'be', 'strongly_support');
INSERT INTO public.party_stances (id, option_id, party_id, stance) VALUES (650, 'womens_suffrage', 'cdu', 'strongly_support');
INSERT INTO public.party_stances (id, option_id, party_id, stance) VALUES (651, 'womens_suffrage', 'pan', 'strongly_support');
INSERT INTO public.party_stances (id, option_id, party_id, stance) VALUES (652, 'no_social_security', 'ps', 'strongly_oppose');
INSERT INTO public.party_stances (id, option_id, party_id, stance) VALUES (653, 'no_social_security', 'psd', 'oppose');
INSERT INTO public.party_stances (id, option_id, party_id, stance) VALUES (654, 'no_social_security', 'chega', 'oppose');
INSERT INTO public.party_stances (id, option_id, party_id, stance) VALUES (655, 'no_social_security', 'il', 'support');
INSERT INTO public.party_stances (id, option_id, party_id, stance) VALUES (656, 'no_social_security', 'be', 'strongly_oppose');
INSERT INTO public.party_stances (id, option_id, party_id, stance) VALUES (657, 'no_social_security', 'cdu', 'strongly_oppose');
INSERT INTO public.party_stances (id, option_id, party_id, stance) VALUES (658, 'no_social_security', 'pan', 'strongly_oppose');
INSERT INTO public.party_stances (id, option_id, party_id, stance) VALUES (659, 'poor_laws', 'ps', 'oppose');
INSERT INTO public.party_stances (id, option_id, party_id, stance) VALUES (660, 'poor_laws', 'psd', 'neutral');
INSERT INTO public.party_stances (id, option_id, party_id, stance) VALUES (661, 'poor_laws', 'chega', 'neutral');
INSERT INTO public.party_stances (id, option_id, party_id, stance) VALUES (662, 'poor_laws', 'il', 'support');
INSERT INTO public.party_stances (id, option_id, party_id, stance) VALUES (663, 'poor_laws', 'be', 'oppose');
INSERT INTO public.party_stances (id, option_id, party_id, stance) VALUES (664, 'poor_laws', 'cdu', 'oppose');
INSERT INTO public.party_stances (id, option_id, party_id, stance) VALUES (665, 'poor_laws', 'pan', 'oppose');
INSERT INTO public.party_stances (id, option_id, party_id, stance) VALUES (666, 'wage_subsidies', 'ps', 'support');
INSERT INTO public.party_stances (id, option_id, party_id, stance) VALUES (667, 'wage_subsidies', 'psd', 'support');
INSERT INTO public.party_stances (id, option_id, party_id, stance) VALUES (668, 'wage_subsidies', 'chega', 'support');
INSERT INTO public.party_stances (id, option_id, party_id, stance) VALUES (669, 'wage_subsidies', 'il', 'neutral');
INSERT INTO public.party_stances (id, option_id, party_id, stance) VALUES (670, 'wage_subsidies', 'be', 'support');
INSERT INTO public.party_stances (id, option_id, party_id, stance) VALUES (671, 'wage_subsidies', 'cdu', 'support');
INSERT INTO public.party_stances (id, option_id, party_id, stance) VALUES (672, 'wage_subsidies', 'pan', 'support');
INSERT INTO public.party_stances (id, option_id, party_id, stance) VALUES (673, 'old_age_pension', 'ps', 'strongly_support');
INSERT INTO public.party_stances (id, option_id, party_id, stance) VALUES (674, 'old_age_pension', 'psd', 'support');
INSERT INTO public.party_stances (id, option_id, party_id, stance) VALUES (675, 'old_age_pension', 'chega', 'support');
INSERT INTO public.party_stances (id, option_id, party_id, stance) VALUES (676, 'old_age_pension', 'il', 'neutral');
INSERT INTO public.party_stances (id, option_id, party_id, stance) VALUES (677, 'old_age_pension', 'be', 'strongly_support');
INSERT INTO public.party_stances (id, option_id, party_id, stance) VALUES (678, 'old_age_pension', 'cdu', 'strongly_support');
INSERT INTO public.party_stances (id, option_id, party_id, stance) VALUES (679, 'old_age_pension', 'pan', 'support');
INSERT INTO public.party_stances (id, option_id, party_id, stance) VALUES (680, 'no_migration_controls', 'ps', 'support');
INSERT INTO public.party_stances (id, option_id, party_id, stance) VALUES (681, 'no_migration_controls', 'psd', 'neutral');
INSERT INTO public.party_stances (id, option_id, party_id, stance) VALUES (682, 'no_migration_controls', 'chega', 'strongly_oppose');
INSERT INTO public.party_stances (id, option_id, party_id, stance) VALUES (683, 'no_migration_controls', 'il', 'strongly_support');
INSERT INTO public.party_stances (id, option_id, party_id, stance) VALUES (684, 'no_migration_controls', 'be', 'strongly_support');
INSERT INTO public.party_stances (id, option_id, party_id, stance) VALUES (685, 'no_migration_controls', 'cdu', 'support');
INSERT INTO public.party_stances (id, option_id, party_id, stance) VALUES (686, 'no_migration_controls', 'pan', 'support');
INSERT INTO public.party_stances (id, option_id, party_id, stance) VALUES (687, 'migration_controls', 'ps', 'neutral');
INSERT INTO public.party_stances (id, option_id, party_id, stance) VALUES (688, 'migration_controls', 'psd', 'strongly_support');
INSERT INTO public.party_stances (id, option_id, party_id, stance) VALUES (689, 'migration_controls', 'chega', 'support');
INSERT INTO public.party_stances (id, option_id, party_id, stance) VALUES (690, 'migration_controls', 'il', 'support');
INSERT INTO public.party_stances (id, option_id, party_id, stance) VALUES (691, 'migration_controls', 'be', 'oppose');
INSERT INTO public.party_stances (id, option_id, party_id, stance) VALUES (692, 'migration_controls', 'cdu', 'neutral');
INSERT INTO public.party_stances (id, option_id, party_id, stance) VALUES (693, 'migration_controls', 'pan', 'neutral');
INSERT INTO public.party_stances (id, option_id, party_id, stance) VALUES (694, 'closed_borders', 'ps', 'strongly_oppose');
INSERT INTO public.party_stances (id, option_id, party_id, stance) VALUES (695, 'closed_borders', 'psd', 'oppose');
INSERT INTO public.party_stances (id, option_id, party_id, stance) VALUES (696, 'closed_borders', 'chega', 'strongly_support');
INSERT INTO public.party_stances (id, option_id, party_id, stance) VALUES (697, 'closed_borders', 'il', 'oppose');
INSERT INTO public.party_stances (id, option_id, party_id, stance) VALUES (698, 'closed_borders', 'be', 'strongly_oppose');
INSERT INTO public.party_stances (id, option_id, party_id, stance) VALUES (699, 'closed_borders', 'cdu', 'strongly_oppose');
INSERT INTO public.party_stances (id, option_id, party_id, stance) VALUES (700, 'closed_borders', 'pan', 'strongly_oppose');
INSERT INTO public.party_stances (id, option_id, party_id, stance) VALUES (701, 'child_labor_allowed', 'ps', 'strongly_oppose');
INSERT INTO public.party_stances (id, option_id, party_id, stance) VALUES (702, 'child_labor_allowed', 'psd', 'strongly_oppose');
INSERT INTO public.party_stances (id, option_id, party_id, stance) VALUES (703, 'child_labor_allowed', 'chega', 'strongly_oppose');
INSERT INTO public.party_stances (id, option_id, party_id, stance) VALUES (704, 'child_labor_allowed', 'il', 'strongly_oppose');
INSERT INTO public.party_stances (id, option_id, party_id, stance) VALUES (705, 'child_labor_allowed', 'be', 'strongly_oppose');
INSERT INTO public.party_stances (id, option_id, party_id, stance) VALUES (706, 'child_labor_allowed', 'cdu', 'strongly_oppose');
INSERT INTO public.party_stances (id, option_id, party_id, stance) VALUES (707, 'child_labor_allowed', 'pan', 'strongly_oppose');
INSERT INTO public.party_stances (id, option_id, party_id, stance) VALUES (708, 'restricted_child_labor', 'ps', 'oppose');
INSERT INTO public.party_stances (id, option_id, party_id, stance) VALUES (709, 'restricted_child_labor', 'psd', 'oppose');
INSERT INTO public.party_stances (id, option_id, party_id, stance) VALUES (710, 'restricted_child_labor', 'chega', 'oppose');
INSERT INTO public.party_stances (id, option_id, party_id, stance) VALUES (711, 'restricted_child_labor', 'il', 'oppose');
INSERT INTO public.party_stances (id, option_id, party_id, stance) VALUES (712, 'restricted_child_labor', 'be', 'strongly_oppose');
INSERT INTO public.party_stances (id, option_id, party_id, stance) VALUES (713, 'restricted_child_labor', 'cdu', 'strongly_oppose');
INSERT INTO public.party_stances (id, option_id, party_id, stance) VALUES (714, 'restricted_child_labor', 'pan', 'strongly_oppose');
INSERT INTO public.party_stances (id, option_id, party_id, stance) VALUES (715, 'compulsory_primary_school', 'ps', 'strongly_support');
INSERT INTO public.party_stances (id, option_id, party_id, stance) VALUES (716, 'compulsory_primary_school', 'psd', 'strongly_support');
INSERT INTO public.party_stances (id, option_id, party_id, stance) VALUES (717, 'compulsory_primary_school', 'chega', 'strongly_support');
INSERT INTO public.party_stances (id, option_id, party_id, stance) VALUES (718, 'compulsory_primary_school', 'il', 'strongly_support');
INSERT INTO public.party_stances (id, option_id, party_id, stance) VALUES (719, 'compulsory_primary_school', 'be', 'strongly_support');
INSERT INTO public.party_stances (id, option_id, party_id, stance) VALUES (720, 'compulsory_primary_school', 'cdu', 'strongly_support');
INSERT INTO public.party_stances (id, option_id, party_id, stance) VALUES (721, 'compulsory_primary_school', 'pan', 'strongly_support');
INSERT INTO public.party_stances (id, option_id, party_id, stance) VALUES (722, 'slavery_banned', 'ps', 'strongly_support');
INSERT INTO public.party_stances (id, option_id, party_id, stance) VALUES (723, 'slavery_banned', 'psd', 'strongly_support');
INSERT INTO public.party_stances (id, option_id, party_id, stance) VALUES (724, 'slavery_banned', 'chega', 'strongly_support');
INSERT INTO public.party_stances (id, option_id, party_id, stance) VALUES (725, 'slavery_banned', 'il', 'strongly_support');
INSERT INTO public.party_stances (id, option_id, party_id, stance) VALUES (726, 'slavery_banned', 'be', 'strongly_support');
INSERT INTO public.party_stances (id, option_id, party_id, stance) VALUES (727, 'slavery_banned', 'cdu', 'strongly_support');
INSERT INTO public.party_stances (id, option_id, party_id, stance) VALUES (728, 'slavery_banned', 'pan', 'strongly_support');
INSERT INTO public.party_stances (id, option_id, party_id, stance) VALUES (729, 'colonial_slavery', 'ps', 'strongly_oppose');
INSERT INTO public.party_stances (id, option_id, party_id, stance) VALUES (730, 'colonial_slavery', 'psd', 'strongly_oppose');
INSERT INTO public.party_stances (id, option_id, party_id, stance) VALUES (731, 'colonial_slavery', 'chega', 'neutral');
INSERT INTO public.party_stances (id, option_id, party_id, stance) VALUES (732, 'colonial_slavery', 'il', 'strongly_oppose');
INSERT INTO public.party_stances (id, option_id, party_id, stance) VALUES (733, 'colonial_slavery', 'be', 'strongly_oppose');
INSERT INTO public.party_stances (id, option_id, party_id, stance) VALUES (734, 'colonial_slavery', 'cdu', 'strongly_oppose');
INSERT INTO public.party_stances (id, option_id, party_id, stance) VALUES (735, 'colonial_slavery', 'pan', 'strongly_oppose');
INSERT INTO public.party_stances (id, option_id, party_id, stance) VALUES (736, 'debt_slavery', 'ps', 'strongly_oppose');
INSERT INTO public.party_stances (id, option_id, party_id, stance) VALUES (737, 'debt_slavery', 'psd', 'strongly_oppose');
INSERT INTO public.party_stances (id, option_id, party_id, stance) VALUES (738, 'debt_slavery', 'chega', 'neutral');
INSERT INTO public.party_stances (id, option_id, party_id, stance) VALUES (739, 'debt_slavery', 'il', 'oppose');
INSERT INTO public.party_stances (id, option_id, party_id, stance) VALUES (740, 'debt_slavery', 'be', 'strongly_oppose');
INSERT INTO public.party_stances (id, option_id, party_id, stance) VALUES (741, 'debt_slavery', 'cdu', 'strongly_oppose');
INSERT INTO public.party_stances (id, option_id, party_id, stance) VALUES (742, 'debt_slavery', 'pan', 'strongly_oppose');
INSERT INTO public.party_stances (id, option_id, party_id, stance) VALUES (743, 'slave_trade', 'ps', 'strongly_oppose');
INSERT INTO public.party_stances (id, option_id, party_id, stance) VALUES (744, 'slave_trade', 'psd', 'strongly_oppose');
INSERT INTO public.party_stances (id, option_id, party_id, stance) VALUES (745, 'slave_trade', 'chega', 'strongly_oppose');
INSERT INTO public.party_stances (id, option_id, party_id, stance) VALUES (746, 'slave_trade', 'il', 'strongly_oppose');
INSERT INTO public.party_stances (id, option_id, party_id, stance) VALUES (747, 'slave_trade', 'be', 'strongly_oppose');
INSERT INTO public.party_stances (id, option_id, party_id, stance) VALUES (748, 'slave_trade', 'cdu', 'strongly_oppose');
INSERT INTO public.party_stances (id, option_id, party_id, stance) VALUES (749, 'slave_trade', 'pan', 'strongly_oppose');
INSERT INTO public.party_stances (id, option_id, party_id, stance) VALUES (750, 'legacy_slavery', 'ps', 'strongly_oppose');
INSERT INTO public.party_stances (id, option_id, party_id, stance) VALUES (751, 'legacy_slavery', 'psd', 'strongly_oppose');
INSERT INTO public.party_stances (id, option_id, party_id, stance) VALUES (752, 'legacy_slavery', 'chega', 'neutral');
INSERT INTO public.party_stances (id, option_id, party_id, stance) VALUES (753, 'legacy_slavery', 'il', 'strongly_oppose');
INSERT INTO public.party_stances (id, option_id, party_id, stance) VALUES (754, 'legacy_slavery', 'be', 'strongly_oppose');
INSERT INTO public.party_stances (id, option_id, party_id, stance) VALUES (755, 'legacy_slavery', 'cdu', 'strongly_oppose');
INSERT INTO public.party_stances (id, option_id, party_id, stance) VALUES (756, 'legacy_slavery', 'pan', 'strongly_oppose');
INSERT INTO public.party_stances (id, option_id, party_id, stance) VALUES (757, 'green_new_deal', 'ps', 'support');
INSERT INTO public.party_stances (id, option_id, party_id, stance) VALUES (758, 'green_new_deal', 'psd', 'neutral');
INSERT INTO public.party_stances (id, option_id, party_id, stance) VALUES (759, 'green_new_deal', 'chega', 'strongly_oppose');
INSERT INTO public.party_stances (id, option_id, party_id, stance) VALUES (760, 'green_new_deal', 'il', 'neutral');
INSERT INTO public.party_stances (id, option_id, party_id, stance) VALUES (761, 'green_new_deal', 'be', 'strongly_support');
INSERT INTO public.party_stances (id, option_id, party_id, stance) VALUES (762, 'green_new_deal', 'cdu', 'support');
INSERT INTO public.party_stances (id, option_id, party_id, stance) VALUES (763, 'green_new_deal', 'pan', 'strongly_support');
INSERT INTO public.party_stances (id, option_id, party_id, stance) VALUES (764, 'moderate_green', 'ps', 'support');
INSERT INTO public.party_stances (id, option_id, party_id, stance) VALUES (765, 'moderate_green', 'psd', 'support');
INSERT INTO public.party_stances (id, option_id, party_id, stance) VALUES (766, 'moderate_green', 'chega', 'neutral');
INSERT INTO public.party_stances (id, option_id, party_id, stance) VALUES (767, 'moderate_green', 'il', 'support');
INSERT INTO public.party_stances (id, option_id, party_id, stance) VALUES (768, 'moderate_green', 'be', 'neutral');
INSERT INTO public.party_stances (id, option_id, party_id, stance) VALUES (769, 'moderate_green', 'cdu', 'neutral');
INSERT INTO public.party_stances (id, option_id, party_id, stance) VALUES (770, 'moderate_green', 'pan', 'support');
INSERT INTO public.party_stances (id, option_id, party_id, stance) VALUES (771, 'deregulated', 'ps', 'strongly_oppose');
INSERT INTO public.party_stances (id, option_id, party_id, stance) VALUES (772, 'deregulated', 'psd', 'neutral');
INSERT INTO public.party_stances (id, option_id, party_id, stance) VALUES (773, 'deregulated', 'chega', 'support');
INSERT INTO public.party_stances (id, option_id, party_id, stance) VALUES (774, 'deregulated', 'il', 'neutral');
INSERT INTO public.party_stances (id, option_id, party_id, stance) VALUES (775, 'deregulated', 'be', 'strongly_oppose');
INSERT INTO public.party_stances (id, option_id, party_id, stance) VALUES (776, 'deregulated', 'cdu', 'strongly_oppose');
INSERT INTO public.party_stances (id, option_id, party_id, stance) VALUES (777, 'deregulated', 'pan', 'strongly_oppose');
INSERT INTO public.party_stances (id, option_id, party_id, stance) VALUES (778, 'social_housing', 'ps', 'support');
INSERT INTO public.party_stances (id, option_id, party_id, stance) VALUES (779, 'social_housing', 'psd', 'oppose');
INSERT INTO public.party_stances (id, option_id, party_id, stance) VALUES (780, 'social_housing', 'chega', 'neutral');
INSERT INTO public.party_stances (id, option_id, party_id, stance) VALUES (781, 'social_housing', 'il', 'strongly_oppose');
INSERT INTO public.party_stances (id, option_id, party_id, stance) VALUES (782, 'social_housing', 'be', 'strongly_support');
INSERT INTO public.party_stances (id, option_id, party_id, stance) VALUES (783, 'social_housing', 'cdu', 'strongly_support');
INSERT INTO public.party_stances (id, option_id, party_id, stance) VALUES (784, 'social_housing', 'pan', 'support');
INSERT INTO public.party_stances (id, option_id, party_id, stance) VALUES (785, 'mixed_housing', 'ps', 'strongly_support');
INSERT INTO public.party_stances (id, option_id, party_id, stance) VALUES (786, 'mixed_housing', 'psd', 'support');
INSERT INTO public.party_stances (id, option_id, party_id, stance) VALUES (787, 'mixed_housing', 'chega', 'support');
INSERT INTO public.party_stances (id, option_id, party_id, stance) VALUES (788, 'mixed_housing', 'il', 'neutral');
INSERT INTO public.party_stances (id, option_id, party_id, stance) VALUES (789, 'mixed_housing', 'be', 'neutral');
INSERT INTO public.party_stances (id, option_id, party_id, stance) VALUES (790, 'mixed_housing', 'cdu', 'neutral');
INSERT INTO public.party_stances (id, option_id, party_id, stance) VALUES (791, 'mixed_housing', 'pan', 'support');
INSERT INTO public.party_stances (id, option_id, party_id, stance) VALUES (792, 'free_market_housing', 'ps', 'oppose');
INSERT INTO public.party_stances (id, option_id, party_id, stance) VALUES (793, 'free_market_housing', 'psd', 'strongly_support');
INSERT INTO public.party_stances (id, option_id, party_id, stance) VALUES (794, 'free_market_housing', 'chega', 'support');
INSERT INTO public.party_stances (id, option_id, party_id, stance) VALUES (795, 'free_market_housing', 'il', 'strongly_support');
INSERT INTO public.party_stances (id, option_id, party_id, stance) VALUES (796, 'free_market_housing', 'be', 'strongly_oppose');
INSERT INTO public.party_stances (id, option_id, party_id, stance) VALUES (797, 'free_market_housing', 'cdu', 'strongly_oppose');
INSERT INTO public.party_stances (id, option_id, party_id, stance) VALUES (798, 'free_market_housing', 'pan', 'oppose');


--
-- Data for Name: party_translations; Type: TABLE DATA; Schema: public; Owner: visapolitica
--

INSERT INTO public.party_translations (id, locale, name, party_id) VALUES (1, 'en', 'PS', 'ps');
INSERT INTO public.party_translations (id, locale, name, party_id) VALUES (2, 'en', 'PSD', 'psd');
INSERT INTO public.party_translations (id, locale, name, party_id) VALUES (3, 'en', 'Chega', 'chega');
INSERT INTO public.party_translations (id, locale, name, party_id) VALUES (4, 'en', 'IL', 'il');
INSERT INTO public.party_translations (id, locale, name, party_id) VALUES (5, 'en', 'BE', 'be');
INSERT INTO public.party_translations (id, locale, name, party_id) VALUES (6, 'en', 'CDU', 'cdu');
INSERT INTO public.party_translations (id, locale, name, party_id) VALUES (7, 'en', 'PAN', 'pan');
INSERT INTO public.party_translations (id, locale, name, party_id) VALUES (8, 'pt', 'PS', 'ps');
INSERT INTO public.party_translations (id, locale, name, party_id) VALUES (9, 'pt', 'PSD', 'psd');
INSERT INTO public.party_translations (id, locale, name, party_id) VALUES (10, 'pt', 'Chega', 'chega');
INSERT INTO public.party_translations (id, locale, name, party_id) VALUES (11, 'pt', 'IL', 'il');
INSERT INTO public.party_translations (id, locale, name, party_id) VALUES (12, 'pt', 'BE', 'be');
INSERT INTO public.party_translations (id, locale, name, party_id) VALUES (13, 'pt', 'CDU', 'cdu');
INSERT INTO public.party_translations (id, locale, name, party_id) VALUES (14, 'pt', 'PAN', 'pan');


--
-- Data for Name: policy_group_translations; Type: TABLE DATA; Schema: public; Owner: visapolitica
--

INSERT INTO public.policy_group_translations (id, classification_reason, group_id, locale, name) VALUES (1, 'Portugal adopted a parliamentary republic under the 1976 Constitution following the Carnation Revolution that ended 48 years of authoritarian rule. The President holds a largely ceremonial role, while executive power rests with the Prime Minister and Council of Ministers, who are accountable to the elected Assembly of the Republic.', 'governance', 'en', 'Governance Principles');
INSERT INTO public.policy_group_translations (id, classification_reason, group_id, locale, name) VALUES (2, 'Universal suffrage has been guaranteed in Portugal since the 1976 Constitution, extended to all citizens over 18 regardless of gender, ethnicity, or social status. The right to vote was one of the core democratic achievements of the post-revolutionary settlement.', 'distribution_of_power', 'en', 'Distribution of Power');
INSERT INTO public.policy_group_translations (id, classification_reason, group_id, locale, name) VALUES (3, 'Portugal''s Constitution guarantees equal rights to all citizens regardless of national or ethnic origin. As a country shaped by emigration and with significant immigrant communities from Portuguese-speaking Africa and Brazil, Portugal has adopted legal frameworks promoting integration and equal treatment.', 'citizenship', 'en', 'Citizenship');
INSERT INTO public.policy_group_translations (id, classification_reason, group_id, locale, name) VALUES (4, 'While Portugal maintains a Concordat with the Holy See on specific matters such as Church property and religious marriage recognition, the 1976 Constitution formally separates Church from State. Religious institutions have no formal political role and the state is constitutionally non-denominational.', 'church_state', 'en', 'Church & State');
INSERT INTO public.policy_group_translations (id, classification_reason, group_id, locale, name) VALUES (5, 'Portugal''s public administration is largely staffed through competitive recruitment, but senior and political positions are appointed by the government of the day. Reform efforts since EU accession have professionalised the civil service, though political appointment at senior levels remains standard practice.', 'bureaucracy', 'en', 'Bureaucracy');
INSERT INTO public.policy_group_translations (id, classification_reason, group_id, locale, name) VALUES (6, 'Portugal abolished mandatory military service in 2004 and now maintains a fully professional volunteer force. The Armed Forces are integrated into NATO and EU defence structures, with a relatively small force focused on international deployments and collective defence commitments.', 'army', 'en', 'Army Model');
INSERT INTO public.policy_group_translations (id, classification_reason, group_id, locale, name) VALUES (7, 'As an Atlantic nation with one of the largest exclusive economic zones in Europe, Portugal maintains a navy focused on protecting maritime trade routes and patrolling its vast ocean territory. The navy plays no power projection role but is critical for fisheries enforcement and Atlantic security cooperation.', 'navy', 'en', 'Navy Model');
INSERT INTO public.policy_group_translations (id, classification_reason, group_id, locale, name) VALUES (8, 'Portugal''s Constitution guarantees extensive civil liberties including freedom of assembly, expression, and habeas corpus. Security services operate under judicial and parliamentary oversight, and the country consistently ranks among the most peaceful and free nations in global indices.', 'internal_security', 'en', 'Internal Security');
INSERT INTO public.policy_group_translations (id, classification_reason, group_id, locale, name) VALUES (9, 'Portugal operates a mixed economy where the state plays a significant role through public enterprises, regulation, and social spending. Following the 2008 financial crisis and IMF bailout, market-oriented reforms were introduced, but the state retains ownership of key infrastructure and the Constitution includes provisions for a mixed economy model.', 'economic_system', 'en', 'Economic System');
INSERT INTO public.policy_group_translations (id, classification_reason, group_id, locale, name) VALUES (10, 'As an EU member state, Portugal operates within the EU single market and common external tariff, making free trade with EU partners constitutionally enshrined. Portugal is deeply integrated into global trade through its Atlantic port infrastructure, serving as a gateway between Europe, the Americas, and Africa.', 'trade', 'en', 'Trade Policy');
INSERT INTO public.policy_group_translations (id, classification_reason, group_id, locale, name) VALUES (11, 'Portugal operates a progressive income tax (IRS) with rates ranging from 13.25% to 53%, alongside a corporate tax with progressive elements. The system is broadly redistributive, though significant dependence on VAT means consumption taxes also contribute heavily to state revenue.', 'taxation', 'en', 'Taxation');
INSERT INTO public.policy_group_translations (id, classification_reason, group_id, locale, name) VALUES (12, 'Following the 1974 revolution''s radical land collectivisations in the Alentejo, most agricultural land was returned to private ownership during the 1980s. Today Portugal''s agricultural sector is predominantly commercial, with large agribusinesses in the south and smaller family farms in the north.', 'land_reform', 'en', 'Land Reform');
INSERT INTO public.policy_group_translations (id, classification_reason, group_id, locale, name) VALUES (13, 'Portugal completed decolonisation following the 1974 Carnation Revolution, relinquishing its African territories and recognising East Timor''s independence in 2002. Portugal has no colonial policy and is a strong supporter of UN anti-colonialism frameworks.', 'colonization', 'en', 'Colonization');
INSERT INTO public.policy_group_translations (id, classification_reason, group_id, locale, name) VALUES (14, 'Portugal maintains two national police forces: the PSP for urban areas and the GNR for rural and border areas. Both operate under civilian oversight and democratic legal standards, with no evidence of systematic militarisation or political policing.', 'policing', 'en', 'Policing');
INSERT INTO public.policy_group_translations (id, classification_reason, group_id, locale, name) VALUES (15, 'Universal public education is guaranteed by the Portuguese Constitution, with compulsory schooling from ages 6 to 18. The state funds and operates the majority of schools, though private and cooperative institutions receive state subsidies and account for a significant minority of enrolment.', 'education', 'en', 'Education System');
INSERT INTO public.policy_group_translations (id, classification_reason, group_id, locale, name) VALUES (16, 'Portugal''s National Health Service (SNS), established in 1979, provides universal healthcare free at point of use for all citizens. Despite chronic underfunding and long waiting lists, the SNS remains the primary healthcare provider, supplemented by a growing private sector.', 'healthcare', 'en', 'Health System');
INSERT INTO public.policy_group_translations (id, classification_reason, group_id, locale, name) VALUES (17, 'Freedom of speech and of the press are guaranteed by the 1976 Constitution. Portugal consistently ranks in the top tier globally for press freedom. Hate speech laws exist but are narrowly applied, and political speech enjoys robust constitutional protection.', 'free_speech', 'en', 'Free Speech');
INSERT INTO public.policy_group_translations (id, classification_reason, group_id, locale, name) VALUES (18, 'Portugal''s Labour Code provides strong protections including a national minimum wage, paid annual leave, and significant dismissal protections. These rights were enshrined following the revolution and remain constitutionally guaranteed despite pressure during austerity periods.', 'labor_rights', 'en', 'Labor Rights');
INSERT INTO public.policy_group_translations (id, classification_reason, group_id, locale, name) VALUES (19, 'The right to form and join trade unions is constitutionally guaranteed in Portugal. Workers are free to organise, strike, and engage in collective bargaining. Major confederations CGTP and UGT represent workers across public and private sectors.', 'labor_associations', 'en', 'Labor Associations');
INSERT INTO public.policy_group_translations (id, classification_reason, group_id, locale, name) VALUES (20, 'Portuguese women gained full political and legal equality under the 1976 Constitution. Equal pay legislation, parental leave rights, and gender quotas for elected bodies are in force. Portugal ranks among the more gender-equal EU nations, though gaps persist in practice particularly in private sector leadership.', 'womens_rights', 'en', 'Rights of Women');
INSERT INTO public.policy_group_translations (id, classification_reason, group_id, locale, name) VALUES (21, 'Portugal operates a contributory social security system covering old age pensions, unemployment benefits, and disability support. The system underwent significant cuts during the 2011–2014 IMF adjustment programme but has since been partially restored and expanded.', 'welfare', 'en', 'Welfare');
INSERT INTO public.policy_group_translations (id, classification_reason, group_id, locale, name) VALUES (22, 'Portugal operates controlled immigration within the EU Schengen framework. As a destination for migrants from Portuguese-speaking countries in Africa and Brazil, Portugal has established specific legal pathways and integration programmes, though enforcement has tightened in recent years.', 'migration', 'en', 'Migration');
INSERT INTO public.policy_group_translations (id, classification_reason, group_id, locale, name) VALUES (23, 'Education is compulsory in Portugal from ages 6 to 18 and child labour is prohibited. Child welfare services are operated by the state and accredited NGOs. Portugal meets EU child welfare standards across all major indicators.', 'children_rights', 'en', 'Children''s Rights');
INSERT INTO public.policy_group_translations (id, classification_reason, group_id, locale, name) VALUES (24, 'Slavery was abolished in Portugal in 1761 on the mainland and 1869 in the colonies. All forms of forced labour and human trafficking are criminalised under the Penal Code. Portugal is a signatory to all major international anti-slavery and anti-trafficking conventions.', 'slavery', 'en', 'Slavery');
INSERT INTO public.policy_group_translations (id, classification_reason, group_id, locale, name) VALUES (25, 'Portugal has committed to carbon neutrality by 2045 and has expanded renewables significantly — over 60% of electricity was generated from renewables in recent years. However, full decarbonisation commitments across transport and industry remain moderate relative to the most ambitious EU member states.', 'environment', 'en', 'Environment');
INSERT INTO public.policy_group_translations (id, classification_reason, group_id, locale, name) VALUES (26, 'Portugal''s housing market combines a private rental and ownership market with a limited public housing stock. Following tourism-driven gentrification and a housing affordability crisis, the government introduced rent controls and public housing programmes, though critics argue supply-side interventions remain insufficient.', 'housing', 'en', 'Housing');
INSERT INTO public.policy_group_translations (id, classification_reason, group_id, locale, name) VALUES (27, 'Portugal adotou uma república parlamentar pela Constituição de 1976, após a Revolução dos Cravos que pôs fim a 48 anos de regime autoritário. O Presidente da República tem um papel maioritariamente representativo, cabendo o poder executivo ao Primeiro-Ministro e ao Conselho de Ministros, responsáveis perante a Assembleia da República.', 'governance', 'pt', 'Princípios de Governação');
INSERT INTO public.policy_group_translations (id, classification_reason, group_id, locale, name) VALUES (28, 'O sufrágio universal está garantido em Portugal desde a Constituição de 1976, extensível a todos os cidadãos maiores de 18 anos, independentemente do género, etnia ou estatuto social. O direito de voto foi uma das conquistas democráticas centrais do período pós-revolucionário.', 'distribution_of_power', 'pt', 'Distribuição do Poder');
INSERT INTO public.policy_group_translations (id, classification_reason, group_id, locale, name) VALUES (29, 'A Constituição portuguesa garante direitos iguais a todos os cidadãos independentemente da origem nacional ou étnica. Enquanto país marcado pela emigração e com significativas comunidades imigrantes de países lusófonos de África e do Brasil, Portugal adotou enquadramentos legais que promovem a integração e o tratamento igualitário.', 'citizenship', 'pt', 'Cidadania');
INSERT INTO public.policy_group_translations (id, classification_reason, group_id, locale, name) VALUES (30, 'Embora Portugal mantenha uma Concordata com a Santa Sé em matérias específicas como o património da Igreja e o reconhecimento do casamento religioso, a Constituição de 1976 consagra formalmente a separação entre a Igreja e o Estado. As instituições religiosas não têm papel político formal e o Estado é constitucionalmente laico.', 'church_state', 'pt', 'Igreja e Estado');
INSERT INTO public.policy_group_translations (id, classification_reason, group_id, locale, name) VALUES (31, 'A administração pública portuguesa é em grande medida recrutada por via concorrencial, embora os cargos de topo e de natureza política sejam nomeados pelo governo em funções. As reformas de modernização desde a adesão à UE profissionalizaram a função pública, ainda que a nomeação política nos escalões superiores permaneça uma prática corrente.', 'bureaucracy', 'pt', 'Burocracia');
INSERT INTO public.policy_group_translations (id, classification_reason, group_id, locale, name) VALUES (32, 'Portugal aboliu o serviço militar obrigatório em 2004 e mantém atualmente um exército profissional e voluntário. As Forças Armadas estão integradas na NATO e nas estruturas de defesa da UE, com um efetivo relativamente reduzido centrado em missões internacionais e na defesa coletiva.', 'army', 'pt', 'Modelo do Exército');
INSERT INTO public.policy_group_translations (id, classification_reason, group_id, locale, name) VALUES (33, 'Enquanto nação atlântica com uma das maiores zonas económicas exclusivas da Europa, Portugal mantém uma marinha vocacionada para a proteção das rotas comerciais marítimas e para a patrulha do seu vasto território oceânico. A marinha não tem ambições de projeção de poder, mas desempenha um papel essencial na fiscalização das pescas e na cooperação de segurança no Atlântico.', 'navy', 'pt', 'Modelo da Marinha');
INSERT INTO public.policy_group_translations (id, classification_reason, group_id, locale, name) VALUES (34, 'A Constituição portuguesa garante amplas liberdades cívicas, incluindo a liberdade de reunião, de expressão e o habeas corpus. Os serviços de segurança funcionam sob supervisão judicial e controlo parlamentar, e o país classifica-se consistentemente entre os mais pacíficos e livres nos índices internacionais.', 'internal_security', 'pt', 'Segurança Interna');
INSERT INTO public.policy_group_translations (id, classification_reason, group_id, locale, name) VALUES (35, 'Portugal opera uma economia mista onde o Estado desempenha um papel significativo através de empresas públicas, regulação e despesa social. Na sequência da crise financeira de 2008 e do programa de ajustamento do FMI, foram introduzidas reformas de mercado, mas o Estado mantém a titularidade de infraestruturas estratégicas e a Constituição consagra disposições para um modelo de economia mista.', 'economic_system', 'pt', 'Sistema Económico');
INSERT INTO public.policy_group_translations (id, classification_reason, group_id, locale, name) VALUES (36, 'Enquanto Estado-membro da UE, Portugal opera no âmbito do mercado único europeu e da pauta aduaneira comum, tornando o livre comércio com os parceiros da UE constitucionalmente garantido. Portugal está profundamente integrado no comércio global através das suas infraestruturas portuárias atlânticas, funcionando como porta de entrada entre a Europa, as Américas e África.', 'trade', 'pt', 'Política Comercial');
INSERT INTO public.policy_group_translations (id, classification_reason, group_id, locale, name) VALUES (37, 'Portugal aplica um imposto sobre o rendimento das pessoas singulares (IRS) com taxas progressivas entre 13,25% e 53%, bem como um imposto sobre as pessoas coletivas (IRC) com elementos progressivos. O sistema é globalmente redistributivo, embora a elevada dependência das receitas do IVA signifique que os impostos sobre o consumo também têm um peso considerável.', 'taxation', 'pt', 'Tributação');
INSERT INTO public.policy_group_translations (id, classification_reason, group_id, locale, name) VALUES (38, 'Após as radicais reformas agrárias que se seguiram à Revolução de 1974 no Alentejo, que coletivizaram as grandes herdades, a maior parte das terras agrícolas foi devolvida à propriedade privada nos anos 1980. Hoje, o setor agrícola português é predominantemente comercial, com grandes agronegócios no sul e pequenas explorações familiares no norte.', 'land_reform', 'pt', 'Reforma Agrária');
INSERT INTO public.policy_group_translations (id, classification_reason, group_id, locale, name) VALUES (39, 'Portugal concluiu a descolonização na sequência da Revolução dos Cravos de 1974, relinquindo os seus territórios africanos e reconhecendo a independência de Timor-Leste em 2002. Portugal não tem qualquer política colonial e é um firme apoiante dos quadros anti-colonialistas das Nações Unidas.', 'colonization', 'pt', 'Colonização');
INSERT INTO public.policy_group_translations (id, classification_reason, group_id, locale, name) VALUES (40, 'Portugal mantém duas forças policiais nacionais: a PSP para as zonas urbanas e a GNR para as zonas rurais e fronteiras. Ambas funcionam sob supervisão civil e respeitam os padrões legais democráticos, sem evidência de militarização sistemática ou de policiamento político.', 'policing', 'pt', 'Policiamento');
INSERT INTO public.policy_group_translations (id, classification_reason, group_id, locale, name) VALUES (41, 'O ensino público universal está garantido pela Constituição portuguesa, com escolaridade obrigatória dos 6 aos 18 anos. O Estado financia e gere a maioria das escolas, embora as instituições privadas e cooperativas recebam subsídios públicos e representem uma minoria significativa das matrículas.', 'education', 'pt', 'Sistema de Ensino');
INSERT INTO public.policy_group_translations (id, classification_reason, group_id, locale, name) VALUES (42, 'O Serviço Nacional de Saúde (SNS) português, criado em 1979, garante cuidados de saúde universais e gratuitos no ponto de utilização para todos os cidadãos. Apesar do subfinanciamento crónico e das longas listas de espera, o SNS permanece o principal prestador de cuidados de saúde, complementado por um setor privado em crescimento.', 'healthcare', 'pt', 'Sistema de Saúde');
INSERT INTO public.policy_group_translations (id, classification_reason, group_id, locale, name) VALUES (43, 'A liberdade de expressão e de imprensa estão garantidas pela Constituição de 1976. Portugal classifica-se consistentemente no topo mundial em matéria de liberdade de imprensa. Existem leis contra o discurso de ódio, mas a sua aplicação é restrita, e o discurso político beneficia de ampla proteção constitucional.', 'free_speech', 'pt', 'Liberdade de Expressão');
INSERT INTO public.policy_group_translations (id, classification_reason, group_id, locale, name) VALUES (44, 'O Código do Trabalho português garante proteções sólidas, incluindo salário mínimo nacional, férias pagas e proteções significativas contra despedimento. Estes direitos foram consagrados após a revolução e mantêm-se constitucionalmente garantidos, apesar das pressões sofridas durante os períodos de austeridade.', 'labor_rights', 'pt', 'Direitos Laborais');
INSERT INTO public.policy_group_translations (id, classification_reason, group_id, locale, name) VALUES (45, 'O direito de constituir e filiação em sindicatos é constitucionalmente garantido em Portugal. Os trabalhadores têm liberdade de se organizar, fazer greve e negociar coletivamente. As principais confederações sindicais, CGTP e UGT, representam trabalhadores dos setores público e privado.', 'labor_associations', 'pt', 'Associações Laborais');
INSERT INTO public.policy_group_translations (id, classification_reason, group_id, locale, name) VALUES (46, 'As mulheres portuguesas adquiriram plena igualdade política e jurídica com a Constituição de 1976. Legislação de igualdade salarial, direitos de licença parental e quotas de género para cargos eleitos estão em vigor. Portugal classifica-se entre as nações mais igualitárias da UE, embora persistam disparidades na prática, particularmente na liderança do setor privado.', 'womens_rights', 'pt', 'Direitos das Mulheres');
INSERT INTO public.policy_group_translations (id, classification_reason, group_id, locale, name) VALUES (47, 'Portugal opera um sistema de segurança social contributivo que abrange pensões de velhice, subsídios de desemprego e apoio por incapacidade. O sistema sofreu cortes significativos durante o programa de ajustamento do FMI de 2011-2014, mas foi parcialmente restaurado e alargado desde então.', 'welfare', 'pt', 'Bem-Estar Social');
INSERT INTO public.policy_group_translations (id, classification_reason, group_id, locale, name) VALUES (48, 'Portugal opera uma política de imigração controlada no âmbito do espaço Schengen da UE. Enquanto destino de migrantes de países lusófonos de África e do Brasil, Portugal estabeleceu vias legais específicas e programas de integração, embora o controlo da imigração se tenha intensificado nos últimos anos.', 'migration', 'pt', 'Migração');
INSERT INTO public.policy_group_translations (id, classification_reason, group_id, locale, name) VALUES (49, 'A escolaridade é obrigatória em Portugal dos 6 aos 18 anos e o trabalho infantil é proibido. Os serviços de proteção à infância são assegurados pelo Estado e por organizações não governamentais credenciadas. Portugal cumpre os padrões de proteção à infância da UE em todos os indicadores principais.', 'children_rights', 'pt', 'Direitos das Crianças');
INSERT INTO public.policy_group_translations (id, classification_reason, group_id, locale, name) VALUES (50, 'A escravatura foi abolida em Portugal em 1761 no território continental e em 1869 nas colónias. Todas as formas de trabalho forçado e tráfico de seres humanos estão tipificadas no Código Penal. Portugal é signatário de todas as principais convenções internacionais contra a escravatura e o tráfico de pessoas.', 'slavery', 'pt', 'Escravidão');
INSERT INTO public.policy_group_translations (id, classification_reason, group_id, locale, name) VALUES (51, 'Portugal comprometeu-se com a neutralidade carbónica até 2045 e expandiu significativamente as energias renováveis — mais de 60% da eletricidade foi gerada a partir de fontes renováveis nos últimos anos. Contudo, os compromissos de descarbonização total nos transportes e na indústria permanecem moderados face aos Estados-membros da UE mais ambiciosos.', 'environment', 'pt', 'Ambiente');
INSERT INTO public.policy_group_translations (id, classification_reason, group_id, locale, name) VALUES (52, 'O mercado habitacional português combina um mercado privado de arrendamento e propriedade com um parque de habitação pública limitado. Após a crise de acessibilidade habitacional provocada pela turistificação e gentrificação, o governo introduziu controlos de rendas e programas de habitação pública, embora os críticos considerem as intervenções do lado da oferta insuficientes.', 'housing', 'pt', 'Habitação');


--
-- Data for Name: policy_groups; Type: TABLE DATA; Schema: public; Owner: visapolitica
--

INSERT INTO public.policy_groups (id, category_id, current_option_id, display_order, icon) VALUES ('governance', 'power_structure', 'parliamentary_republic', 0, '🏛️');
INSERT INTO public.policy_groups (id, category_id, current_option_id, display_order, icon) VALUES ('distribution_of_power', 'power_structure', 'universal_suffrage', 1, '⚖️');
INSERT INTO public.policy_groups (id, category_id, current_option_id, display_order, icon) VALUES ('citizenship', 'power_structure', 'multicultural', 2, '🪪');
INSERT INTO public.policy_groups (id, category_id, current_option_id, display_order, icon) VALUES ('church_state', 'power_structure', 'separation_of_church_and_state', 3, '⛪');
INSERT INTO public.policy_groups (id, category_id, current_option_id, display_order, icon) VALUES ('bureaucracy', 'power_structure', 'appointed_bureaucrats', 4, '📋');
INSERT INTO public.policy_groups (id, category_id, current_option_id, display_order, icon) VALUES ('army', 'power_structure', 'professional_army', 5, '🪖');
INSERT INTO public.policy_groups (id, category_id, current_option_id, display_order, icon) VALUES ('navy', 'power_structure', 'trade_protection', 6, '⚓');
INSERT INTO public.policy_groups (id, category_id, current_option_id, display_order, icon) VALUES ('internal_security', 'power_structure', 'guaranteed_liberties', 7, '🔒');
INSERT INTO public.policy_groups (id, category_id, current_option_id, display_order, icon) VALUES ('economic_system', 'economy', 'interventionism', 0, '💰');
INSERT INTO public.policy_groups (id, category_id, current_option_id, display_order, icon) VALUES ('trade', 'economy', 'free_trade', 1, '🚢');
INSERT INTO public.policy_groups (id, category_id, current_option_id, display_order, icon) VALUES ('taxation', 'economy', 'graduated', 2, '📊');
INSERT INTO public.policy_groups (id, category_id, current_option_id, display_order, icon) VALUES ('land_reform', 'economy', 'commercialized_agriculture', 3, '🌾');
INSERT INTO public.policy_groups (id, category_id, current_option_id, display_order, icon) VALUES ('colonization', 'economy', 'no_colonial_affairs', 4, '🗺️');
INSERT INTO public.policy_groups (id, category_id, current_option_id, display_order, icon) VALUES ('policing', 'economy', 'dedicated_police_force', 5, '🚔');
INSERT INTO public.policy_groups (id, category_id, current_option_id, display_order, icon) VALUES ('education', 'economy', 'public_schools', 6, '📚');
INSERT INTO public.policy_groups (id, category_id, current_option_id, display_order, icon) VALUES ('healthcare', 'economy', 'public_health_insurance', 7, '🏥');
INSERT INTO public.policy_groups (id, category_id, current_option_id, display_order, icon) VALUES ('free_speech', 'human_rights', 'protected_speech', 0, '🗣️');
INSERT INTO public.policy_groups (id, category_id, current_option_id, display_order, icon) VALUES ('labor_rights', 'human_rights', 'workers_protections', 1, '⚒️');
INSERT INTO public.policy_groups (id, category_id, current_option_id, display_order, icon) VALUES ('labor_associations', 'human_rights', 'right_to_associate', 2, '🤝');
INSERT INTO public.policy_groups (id, category_id, current_option_id, display_order, icon) VALUES ('womens_rights', 'human_rights', 'womens_suffrage', 3, '♀️');
INSERT INTO public.policy_groups (id, category_id, current_option_id, display_order, icon) VALUES ('welfare', 'human_rights', 'old_age_pension', 4, '🛡️');
INSERT INTO public.policy_groups (id, category_id, current_option_id, display_order, icon) VALUES ('migration', 'human_rights', 'migration_controls', 5, '🌍');
INSERT INTO public.policy_groups (id, category_id, current_option_id, display_order, icon) VALUES ('children_rights', 'human_rights', 'compulsory_primary_school', 6, '🧒');
INSERT INTO public.policy_groups (id, category_id, current_option_id, display_order, icon) VALUES ('slavery', 'human_rights', 'slavery_banned', 7, '⛓️');
INSERT INTO public.policy_groups (id, category_id, current_option_id, display_order, icon) VALUES ('environment', 'human_rights', 'moderate_green', 8, '🌱');
INSERT INTO public.policy_groups (id, category_id, current_option_id, display_order, icon) VALUES ('housing', 'human_rights', 'mixed_housing', 9, '🏠');


--
-- Data for Name: policy_option_translations; Type: TABLE DATA; Schema: public; Owner: visapolitica
--

INSERT INTO public.policy_option_translations (id, description, locale, name, option_id) VALUES (1, 'A hereditary head of state holds power, with authority varying from absolute to ceremonial depending on other laws.', 'en', 'Monarchy', 'monarchy');
INSERT INTO public.policy_option_translations (id, description, locale, name, option_id) VALUES (2, 'A monarchy where the crown actively promotes social welfare and reforms to maintain popular legitimacy.', 'en', 'Social Monarchy', 'social_monarchy');
INSERT INTO public.policy_option_translations (id, description, locale, name, option_id) VALUES (3, 'A directly elected president holds executive power. Head of state and head of government are the same.', 'en', 'Presidential Republic', 'presidential_republic');
INSERT INTO public.policy_option_translations (id, description, locale, name, option_id) VALUES (4, 'An elected parliament forms the government. A ceremonial president or similar figure serves as head of state.', 'en', 'Parliamentary Republic', 'parliamentary_republic');
INSERT INTO public.policy_option_translations (id, description, locale, name, option_id) VALUES (5, 'Religious authorities hold political power. Law is derived from religious doctrine.', 'en', 'Theocracy', 'theocracy');
INSERT INTO public.policy_option_translations (id, description, locale, name, option_id) VALUES (6, 'The state is organised around economic corporations and guilds rather than individual representation.', 'en', 'Corporate State', 'corporate_state');
INSERT INTO public.policy_option_translations (id, description, locale, name, option_id) VALUES (7, 'Power is held by elected workers'' and soldiers'' councils. A socialist system of governance.', 'en', 'Council Republic', 'council_republic');
INSERT INTO public.policy_option_translations (id, description, locale, name, option_id) VALUES (8, 'All power concentrated in a single ruler or ruling body with no formal checks on authority.', 'en', 'Autocracy', 'autocracy');
INSERT INTO public.policy_option_translations (id, description, locale, name, option_id) VALUES (9, 'Power held by a small privileged class, typically landowners, aristocrats, or wealthy elites.', 'en', 'Oligarchy', 'oligarchy');
INSERT INTO public.policy_option_translations (id, description, locale, name, option_id) VALUES (10, 'Only landowners may vote. Political rights are tied to property ownership.', 'en', 'Landed Voting', 'landed_voting');
INSERT INTO public.policy_option_translations (id, description, locale, name, option_id) VALUES (11, 'Voting rights weighted by wealth. Wealthier citizens have more political influence.', 'en', 'Wealth Voting', 'wealth_voting');
INSERT INTO public.policy_option_translations (id, description, locale, name, option_id) VALUES (12, 'Voting rights restricted by income or property thresholds. A limited franchise.', 'en', 'Census Suffrage', 'census_suffrage');
INSERT INTO public.policy_option_translations (id, description, locale, name, option_id) VALUES (13, 'All adult citizens may vote equally regardless of wealth, gender, or background.', 'en', 'Universal Suffrage', 'universal_suffrage');
INSERT INTO public.policy_option_translations (id, description, locale, name, option_id) VALUES (14, 'Governance delegated to experts and technocrats insulated from popular pressure.', 'en', 'Technocracy', 'technocracy');
INSERT INTO public.policy_option_translations (id, description, locale, name, option_id) VALUES (15, 'Only one political party is permitted. Elections, if held, are non-competitive.', 'en', 'Single-Party State', 'single_party_state');
INSERT INTO public.policy_option_translations (id, description, locale, name, option_id) VALUES (16, 'No formal state authority. Communities self-govern without central oversight.', 'en', 'Anarchy', 'anarchy');
INSERT INTO public.policy_option_translations (id, description, locale, name, option_id) VALUES (17, 'All residents are subjects of the state with equal basic rights regardless of culture or origin.', 'en', 'Subjecthood', 'subjecthood');
INSERT INTO public.policy_option_translations (id, description, locale, name, option_id) VALUES (18, 'Citizenship and full rights restricted to a specific ethnic group. Others are excluded.', 'en', 'Ethnostate', 'ethnostate');
INSERT INTO public.policy_option_translations (id, description, locale, name, option_id) VALUES (19, 'The dominant culture holds privileged status. Minorities face legal disadvantages.', 'en', 'National Supremacy', 'national_supremacy');
INSERT INTO public.policy_option_translations (id, description, locale, name, option_id) VALUES (20, 'Races are legally separated with different rights and access to public services.', 'en', 'Racial Segregation', 'racial_segregation');
INSERT INTO public.policy_option_translations (id, description, locale, name, option_id) VALUES (21, 'Certain cultural groups are excluded from political participation and full citizenship.', 'en', 'Cultural Exclusion', 'cultural_exclusion');
INSERT INTO public.policy_option_translations (id, description, locale, name, option_id) VALUES (22, 'All cultures enjoy equal rights and legal protections. Cultural diversity is formally recognised.', 'en', 'Multiculturalism', 'multicultural');
INSERT INTO public.policy_option_translations (id, description, locale, name, option_id) VALUES (23, 'An official religion is endorsed by the state. Other faiths face restrictions or are tolerated at the state''s discretion.', 'en', 'State Religion', 'state_religion');
INSERT INTO public.policy_option_translations (id, description, locale, name, option_id) VALUES (24, 'All religions are tolerated. The state does not endorse any faith but allows religious practice.', 'en', 'Freedom of Conscience', 'freedom_of_conscience');
INSERT INTO public.policy_option_translations (id, description, locale, name, option_id) VALUES (25, 'A formal wall between religious institutions and government. Neither influences the other.', 'en', 'Separation of Church and State', 'separation_of_church_and_state');
INSERT INTO public.policy_option_translations (id, description, locale, name, option_id) VALUES (26, 'The state actively promotes secularism and suppresses or discourages religious practice.', 'en', 'State Atheism', 'state_atheism');
INSERT INTO public.policy_option_translations (id, description, locale, name, option_id) VALUES (27, 'Government positions passed down through noble or family lineages. Birth determines office.', 'en', 'Hereditary Bureaucrats', 'hereditary_bureaucrats');
INSERT INTO public.policy_option_translations (id, description, locale, name, option_id) VALUES (28, 'Officials selected by political leadership. Loyalty and patronage determine appointments.', 'en', 'Appointed Bureaucrats', 'appointed_bureaucrats');
INSERT INTO public.policy_option_translations (id, description, locale, name, option_id) VALUES (29, 'Administrators chosen by popular vote or representative bodies. Accountability to voters.', 'en', 'Elected Bureaucrats', 'elected_bureaucrats');
INSERT INTO public.policy_option_translations (id, description, locale, name, option_id) VALUES (30, 'No standing army. Irregular forces raised from the population in times of war. Cheap but weak.', 'en', 'Peasant Levies', 'peasant_levies');
INSERT INTO public.policy_option_translations (id, description, locale, name, option_id) VALUES (31, 'A permanent volunteer force of trained soldiers. High quality but expensive to maintain.', 'en', 'Professional Army', 'professional_army');
INSERT INTO public.policy_option_translations (id, description, locale, name, option_id) VALUES (32, 'A large reserve force of citizen-soldiers. Limited standing army but mass mobilisation capability.', 'en', 'National Militia', 'national_militia');
INSERT INTO public.policy_option_translations (id, description, locale, name, option_id) VALUES (33, 'Universal military service. A large standing army combined with extensive reserve capacity.', 'en', 'Mass Conscription', 'mass_conscription');
INSERT INTO public.policy_option_translations (id, description, locale, name, option_id) VALUES (34, 'The country maintains no meaningful naval capability.', 'en', 'No Naval Force', 'no_naval_force');
INSERT INTO public.policy_option_translations (id, description, locale, name, option_id) VALUES (35, 'A small fleet focused entirely on protecting home waters and coastlines.', 'en', 'Coastal Defense', 'coastal_defense');
INSERT INTO public.policy_option_translations (id, description, locale, name, option_id) VALUES (36, 'A navy sized and equipped to secure maritime trade routes and protect commercial interests.', 'en', 'Trade Protection', 'trade_protection');
INSERT INTO public.policy_option_translations (id, description, locale, name, option_id) VALUES (37, 'A blue-water navy capable of operating far from home and projecting force internationally.', 'en', 'Power Projection', 'power_projection');
INSERT INTO public.policy_option_translations (id, description, locale, name, option_id) VALUES (38, 'Civil liberties are actively protected. State security apparatus is constrained by law and oversight.', 'en', 'Guaranteed Liberties', 'guaranteed_liberties');
INSERT INTO public.policy_option_translations (id, description, locale, name, option_id) VALUES (39, 'A domestic security force focused on protecting the state from external and internal threats.', 'en', 'Homeland Defense Force', 'homeland_defense_force');
INSERT INTO public.policy_option_translations (id, description, locale, name, option_id) VALUES (40, 'A political police force that monitors and suppresses dissent. Civil liberties are curtailed.', 'en', 'Secret Police', 'secret_police');
INSERT INTO public.policy_option_translations (id, description, locale, name, option_id) VALUES (41, 'A pre-industrial subsistence economy. Limited market activity and strong local self-sufficiency.', 'en', 'Traditionalism', 'traditionalism');
INSERT INTO public.policy_option_translations (id, description, locale, name, option_id) VALUES (42, 'The economy centres on agriculture. Industry is discouraged in favour of rural landowning classes.', 'en', 'Agrarianism', 'agrarianism');
INSERT INTO public.policy_option_translations (id, description, locale, name, option_id) VALUES (43, 'A mixed economy where the state actively regulates markets, owns key industries, and steers investment.', 'en', 'Interventionism', 'interventionism');
INSERT INTO public.policy_option_translations (id, description, locale, name, option_id) VALUES (44, 'Minimal state interference. Free markets determine wages, prices and production with little regulation.', 'en', 'Laissez-Faire', 'laissez_faire');
INSERT INTO public.policy_option_translations (id, description, locale, name, option_id) VALUES (45, 'Enterprises owned and managed collectively by workers. Market mechanisms retained but capital socialised.', 'en', 'Cooperative Ownership', 'cooperative_ownership');
INSERT INTO public.policy_option_translations (id, description, locale, name, option_id) VALUES (46, 'The state directs all production and distribution. Private ownership of enterprise is abolished.', 'en', 'Command Economy', 'command_economy');
INSERT INTO public.policy_option_translations (id, description, locale, name, option_id) VALUES (47, 'The country withdraws from international trade. Economic self-sufficiency prioritised above all.', 'en', 'Isolationism', 'isolationism');
INSERT INTO public.policy_option_translations (id, description, locale, name, option_id) VALUES (48, 'Trade managed to accumulate national wealth. Exports encouraged, imports restricted through tariffs.', 'en', 'Mercantilism', 'mercantilism');
INSERT INTO public.policy_option_translations (id, description, locale, name, option_id) VALUES (49, 'High tariffs shield domestic industries from foreign competition. Strategic sectors prioritised.', 'en', 'Protectionism', 'protectionism');
INSERT INTO public.policy_option_translations (id, description, locale, name, option_id) VALUES (50, 'Open borders for goods and capital. Comparative advantage drives specialisation and growth.', 'en', 'Free Trade', 'free_trade');
INSERT INTO public.policy_option_translations (id, description, locale, name, option_id) VALUES (51, 'Revenue raised primarily through taxes on goods and services. Burden falls on consumers.', 'en', 'Consumption-Based Taxation', 'consumption_based');
INSERT INTO public.policy_option_translations (id, description, locale, name, option_id) VALUES (52, 'Revenue raised primarily through taxes on land and agricultural output. Targets landowners.', 'en', 'Land-Based Taxation', 'land_based');
INSERT INTO public.policy_option_translations (id, description, locale, name, option_id) VALUES (53, 'A flat fee levied equally on all citizens regardless of income or wealth.', 'en', 'Per-Capita Taxation', 'per_capita');
INSERT INTO public.policy_option_translations (id, description, locale, name, option_id) VALUES (54, 'A single tax rate applied equally to all incomes. Simple and predictable.', 'en', 'Proportional Taxation', 'proportional');
INSERT INTO public.policy_option_translations (id, description, locale, name, option_id) VALUES (55, 'Progressive rates that rise with income. Higher earners contribute proportionally more.', 'en', 'Graduated Taxation', 'graduated');
INSERT INTO public.policy_option_translations (id, description, locale, name, option_id) VALUES (56, 'Peasants are legally bound to land owned by nobles. Labour obligations enforced by law.', 'en', 'Serfdom', 'serfdom');
INSERT INTO public.policy_option_translations (id, description, locale, name, option_id) VALUES (57, 'Peasants rent land from landowners. Subject to eviction and dependent on landlord goodwill.', 'en', 'Tenant Farmers', 'tenant_farmers');
INSERT INTO public.policy_option_translations (id, description, locale, name, option_id) VALUES (58, 'Large estates produce for market. Tenant farmers and wage labour replace traditional arrangements.', 'en', 'Commercialized Agriculture', 'commercialized_agriculture');
INSERT INTO public.policy_option_translations (id, description, locale, name, option_id) VALUES (59, 'Small independent farmers own their land. Subsistence and small-market farming predominates.', 'en', 'Peasant Proprietorship', 'peasant_proprietorship');
INSERT INTO public.policy_option_translations (id, description, locale, name, option_id) VALUES (60, 'Agricultural land managed collectively by the state or communes. Private farming abolished.', 'en', 'Collectivized Agriculture', 'collectivized_agriculture');
INSERT INTO public.policy_option_translations (id, description, locale, name, option_id) VALUES (61, 'The state has no colonial policy. No formal structures for settling or exploiting foreign territories.', 'en', 'No Colonial Affairs', 'no_colonial_affairs');
INSERT INTO public.policy_option_translations (id, description, locale, name, option_id) VALUES (62, 'Settlers encouraged to occupy and develop unclaimed or frontier lands with state support.', 'en', 'Frontier Colonization', 'frontier_colonization');
INSERT INTO public.policy_option_translations (id, description, locale, name, option_id) VALUES (63, 'Organised migration of citizens to colonies. State-sponsored population transfer to new territories.', 'en', 'Colonial Resettlement', 'colonial_resettlement');
INSERT INTO public.policy_option_translations (id, description, locale, name, option_id) VALUES (64, 'Colonies exist to extract resources for the benefit of the metropole. Native populations subordinated.', 'en', 'Colonial Exploitation', 'colonial_exploitation');
INSERT INTO public.policy_option_translations (id, description, locale, name, option_id) VALUES (65, 'No organised law enforcement. Order maintained locally or not at all.', 'en', 'No Police', 'no_police');
INSERT INTO public.policy_option_translations (id, description, locale, name, option_id) VALUES (66, 'Policing devolved to local communities. Officers embedded in and accountable to their area.', 'en', 'Local Police Force', 'local_police_force');
INSERT INTO public.policy_option_translations (id, description, locale, name, option_id) VALUES (67, 'A professional national police service. Uniform standards and centralised command.', 'en', 'Dedicated Police Force', 'dedicated_police_force');
INSERT INTO public.policy_option_translations (id, description, locale, name, option_id) VALUES (68, 'Police equipped and trained to military standards. Emphasis on control and order over rights.', 'en', 'Militarized Police', 'militarized_police');
INSERT INTO public.policy_option_translations (id, description, locale, name, option_id) VALUES (69, 'No state provision of education. Literacy and learning left entirely to families and private initiative.', 'en', 'No Schools', 'no_schools');
INSERT INTO public.policy_option_translations (id, description, locale, name, option_id) VALUES (70, 'Education provided primarily by religious institutions. Curriculum reflects religious values.', 'en', 'Religious Schools', 'religious_schools');
INSERT INTO public.policy_option_translations (id, description, locale, name, option_id) VALUES (71, 'Education provided by private institutions. Quality varies by ability to pay.', 'en', 'Private Schools', 'private_schools');
INSERT INTO public.policy_option_translations (id, description, locale, name, option_id) VALUES (72, 'State-funded universal education. Free at point of use and standardised across the country.', 'en', 'Public Schools', 'public_schools');
INSERT INTO public.policy_option_translations (id, description, locale, name, option_id) VALUES (73, 'No state involvement in healthcare. Medical care entirely a private matter.', 'en', 'No Health System', 'no_health_system');
INSERT INTO public.policy_option_translations (id, description, locale, name, option_id) VALUES (74, 'Healthcare provided by charitable and religious organisations for those who cannot afford private care.', 'en', 'Charity Hospitals', 'charity_hospitals');
INSERT INTO public.policy_option_translations (id, description, locale, name, option_id) VALUES (75, 'Medical care financed through private insurance. Access determined by ability to pay premiums.', 'en', 'Private Health Insurance', 'private_health_insurance');
INSERT INTO public.policy_option_translations (id, description, locale, name, option_id) VALUES (76, 'State-funded healthcare available to all citizens regardless of income.', 'en', 'Public Health Insurance', 'public_health_insurance');
INSERT INTO public.policy_option_translations (id, description, locale, name, option_id) VALUES (77, 'All political opposition is criminalised. Freedom of expression does not exist.', 'en', 'Outlawed Dissent', 'outlawed_dissent');
INSERT INTO public.policy_option_translations (id, description, locale, name, option_id) VALUES (78, 'The state controls media and public discourse. Criticism of government is restricted.', 'en', 'Censorship', 'censorship');
INSERT INTO public.policy_option_translations (id, description, locale, name, option_id) VALUES (79, 'Citizens may gather and organise freely. Public debate is permitted though not fully protected.', 'en', 'Right of Assembly', 'right_of_assembly');
INSERT INTO public.policy_option_translations (id, description, locale, name, option_id) VALUES (80, 'Freedom of expression is a fundamental right. The state actively protects political speech.', 'en', 'Protected Speech', 'protected_speech');
INSERT INTO public.policy_option_translations (id, description, locale, name, option_id) VALUES (81, 'Workers have no legal protections. Employers dictate all terms of employment.', 'en', 'No Workers'' Rights', 'no_workers_rights');
INSERT INTO public.policy_option_translations (id, description, locale, name, option_id) VALUES (82, 'Basic workplace regulations exist but enforcement is weak and rights are limited.', 'en', 'Regulatory Bodies', 'regulatory_bodies');
INSERT INTO public.policy_option_translations (id, description, locale, name, option_id) VALUES (83, 'Strong legal protections for workers including minimum wage, safety standards, and job security.', 'en', 'Workers'' Protections', 'workers_protections');
INSERT INTO public.policy_option_translations (id, description, locale, name, option_id) VALUES (84, 'Workers organised into trade guilds that regulate professions and negotiate with employers.', 'en', 'Guild System', 'guild_system');
INSERT INTO public.policy_option_translations (id, description, locale, name, option_id) VALUES (85, 'Unions are banned. Workers may not collectively organise or strike.', 'en', 'Combination Acts', 'combination_acts');
INSERT INTO public.policy_option_translations (id, description, locale, name, option_id) VALUES (86, 'Unions may exist but strikes are heavily restricted or illegal.', 'en', 'Anti-Strike Laws', 'anti_strike_laws');
INSERT INTO public.policy_option_translations (id, description, locale, name, option_id) VALUES (87, 'Workers may freely form unions and engage in collective bargaining.', 'en', 'Right to Associate', 'right_to_associate');
INSERT INTO public.policy_option_translations (id, description, locale, name, option_id) VALUES (88, 'Unions are integrated into the state structure. Collective bargaining is managed and controlled.', 'en', 'Corporatized Unions', 'corporatized_unions');
INSERT INTO public.policy_option_translations (id, description, locale, name, option_id) VALUES (89, 'Workers'' councils directly manage workplaces. A radical form of industrial democracy.', 'en', 'Factory Councils', 'factory_councils');
INSERT INTO public.policy_option_translations (id, description, locale, name, option_id) VALUES (90, 'Women are legal dependants of male relatives. They cannot own property or act independently.', 'en', 'Legal Guardianship', 'legal_guardianship');
INSERT INTO public.policy_option_translations (id, description, locale, name, option_id) VALUES (91, 'Women may own property but remain excluded from political participation.', 'en', 'Propertied Women', 'propertied_women');
INSERT INTO public.policy_option_translations (id, description, locale, name, option_id) VALUES (92, 'Women have the right to work but remain excluded from voting and political life.', 'en', 'Women in the Workplace', 'women_in_the_workplace');
INSERT INTO public.policy_option_translations (id, description, locale, name, option_id) VALUES (93, 'Women enjoy full legal and political equality including the right to vote and hold office.', 'en', 'Women''s Suffrage', 'womens_suffrage');
INSERT INTO public.policy_option_translations (id, description, locale, name, option_id) VALUES (94, 'No state support for the poor, unemployed, or elderly. Survival is entirely an individual matter.', 'en', 'No Social Security', 'no_social_security');
INSERT INTO public.policy_option_translations (id, description, locale, name, option_id) VALUES (95, 'Minimal state support for the destitute. Recipients face strict conditions and social stigma.', 'en', 'Poor Laws', 'poor_laws');
INSERT INTO public.policy_option_translations (id, description, locale, name, option_id) VALUES (96, 'The state supplements low wages to guarantee a minimum standard of living.', 'en', 'Wage Subsidies', 'wage_subsidies');
INSERT INTO public.policy_option_translations (id, description, locale, name, option_id) VALUES (97, 'State-funded income for the elderly. A broader social security system with multiple benefits.', 'en', 'Old Age Pension', 'old_age_pension');
INSERT INTO public.policy_option_translations (id, description, locale, name, option_id) VALUES (98, 'Free movement for all. No restrictions on who may enter, settle, or work.', 'en', 'No Migration Controls', 'no_migration_controls');
INSERT INTO public.policy_option_translations (id, description, locale, name, option_id) VALUES (99, 'Managed immigration with checks and quotas. Legal pathways exist but are regulated.', 'en', 'Migration Controls', 'migration_controls');
INSERT INTO public.policy_option_translations (id, description, locale, name, option_id) VALUES (100, 'Near-total restriction on immigration. Entry is only permitted in exceptional circumstances.', 'en', 'Closed Borders', 'closed_borders');
INSERT INTO public.policy_option_translations (id, description, locale, name, option_id) VALUES (101, 'Children may be employed. No restrictions on their use as labour.', 'en', 'Child Labor Allowed', 'child_labor_allowed');
INSERT INTO public.policy_option_translations (id, description, locale, name, option_id) VALUES (102, 'Child labour is limited. Some protections exist but are not comprehensively enforced.', 'en', 'Restricted Child Labor', 'restricted_child_labor');
INSERT INTO public.policy_option_translations (id, description, locale, name, option_id) VALUES (103, 'Education is mandatory for children. Child labour is banned and welfare services are robust.', 'en', 'Compulsory Primary School', 'compulsory_primary_school');
INSERT INTO public.policy_option_translations (id, description, locale, name, option_id) VALUES (104, 'All forms of slavery are illegal. Forced labour is criminalised throughout the territory.', 'en', 'Slavery Banned', 'slavery_banned');
INSERT INTO public.policy_option_translations (id, description, locale, name, option_id) VALUES (105, 'Slavery is banned domestically but permitted in colonial territories.', 'en', 'Colonial Slavery', 'colonial_slavery');
INSERT INTO public.policy_option_translations (id, description, locale, name, option_id) VALUES (106, 'People may be enslaved to pay off debts. A form of bondage with legal sanction.', 'en', 'Debt Slavery', 'debt_slavery');
INSERT INTO public.policy_option_translations (id, description, locale, name, option_id) VALUES (107, 'The buying and selling of enslaved people is legal and practiced.', 'en', 'Slave Trade', 'slave_trade');
INSERT INTO public.policy_option_translations (id, description, locale, name, option_id) VALUES (108, 'Slavery is being phased out but former enslaved people remain in bonded conditions.', 'en', 'Legacy Slavery', 'legacy_slavery');
INSERT INTO public.policy_option_translations (id, description, locale, name, option_id) VALUES (109, 'Aggressive decarbonisation targets, carbon tax, and heavy investment in renewables.', 'en', 'Green Transition', 'green_new_deal');
INSERT INTO public.policy_option_translations (id, description, locale, name, option_id) VALUES (110, 'Emissions targets with flexibility for industry. Incentives prioritised over mandates.', 'en', 'Moderate Regulation', 'moderate_green');
INSERT INTO public.policy_option_translations (id, description, locale, name, option_id) VALUES (111, 'Environmental rules rolled back. Growth and industry prioritised over climate.', 'en', 'Deregulated', 'deregulated');
INSERT INTO public.policy_option_translations (id, description, locale, name, option_id) VALUES (112, 'Large-scale public housing construction. Rent caps and strong tenant protections.', 'en', 'Social Housing', 'social_housing');
INSERT INTO public.policy_option_translations (id, description, locale, name, option_id) VALUES (113, 'Public housing for low incomes alongside a regulated private market.', 'en', 'Mixed Approach', 'mixed_housing');
INSERT INTO public.policy_option_translations (id, description, locale, name, option_id) VALUES (114, 'Deregulated property market. Supply and demand set prices with minimal state intervention.', 'en', 'Free Market', 'free_market_housing');
INSERT INTO public.policy_option_translations (id, description, locale, name, option_id) VALUES (115, 'Um chefe de Estado hereditário detém o poder, com autoridade que varia entre o absolutismo e o cerimonial consoante as restantes leis.', 'pt', 'Monarquia', 'monarchy');
INSERT INTO public.policy_option_translations (id, description, locale, name, option_id) VALUES (116, 'Uma monarquia em que a coroa promove ativamente o bem-estar social e reformas para manter a legitimidade popular.', 'pt', 'Monarquia Social', 'social_monarchy');
INSERT INTO public.policy_option_translations (id, description, locale, name, option_id) VALUES (117, 'Um presidente eleito diretamente detém o poder executivo. O chefe de Estado e o chefe de governo são a mesma pessoa.', 'pt', 'República Presidencialista', 'presidential_republic');
INSERT INTO public.policy_option_translations (id, description, locale, name, option_id) VALUES (118, 'Um parlamento eleito forma o governo. Um presidente cerimonial, ou figura semelhante, exerce as funções de chefe de Estado.', 'pt', 'República Parlamentar', 'parliamentary_republic');
INSERT INTO public.policy_option_translations (id, description, locale, name, option_id) VALUES (119, 'As autoridades religiosas detêm o poder político. A lei deriva da doutrina religiosa.', 'pt', 'Teocracia', 'theocracy');
INSERT INTO public.policy_option_translations (id, description, locale, name, option_id) VALUES (120, 'O Estado organiza-se em torno de corporações económicas e grémios, em vez da representação individual.', 'pt', 'Estado Corporativo', 'corporate_state');
INSERT INTO public.policy_option_translations (id, description, locale, name, option_id) VALUES (121, 'O poder é detido por conselhos eleitos de trabalhadores e soldados. Um sistema de governação socialista.', 'pt', 'República de Conselhos', 'council_republic');
INSERT INTO public.policy_option_translations (id, description, locale, name, option_id) VALUES (122, 'Todo o poder concentrado num único governante ou órgão de governo, sem quaisquer limites formais à autoridade.', 'pt', 'Autocracia', 'autocracy');
INSERT INTO public.policy_option_translations (id, description, locale, name, option_id) VALUES (123, 'O poder é detido por uma pequena classe privilegiada, normalmente proprietários de terras, aristocratas ou elites ricas.', 'pt', 'Oligarquia', 'oligarchy');
INSERT INTO public.policy_option_translations (id, description, locale, name, option_id) VALUES (124, 'Apenas os proprietários de terras podem votar. Os direitos políticos estão ligados à posse de propriedade.', 'pt', 'Voto por Propriedade', 'landed_voting');
INSERT INTO public.policy_option_translations (id, description, locale, name, option_id) VALUES (125, 'Direitos de voto ponderados pela riqueza. Os cidadãos mais ricos têm maior influência política.', 'pt', 'Voto por Riqueza', 'wealth_voting');
INSERT INTO public.policy_option_translations (id, description, locale, name, option_id) VALUES (126, 'Direitos de voto restringidos por limiares de rendimento ou propriedade. Um sufrágio limitado.', 'pt', 'Sufrágio Censitário', 'census_suffrage');
INSERT INTO public.policy_option_translations (id, description, locale, name, option_id) VALUES (127, 'Todos os cidadãos adultos podem votar em igualdade, independentemente da riqueza, género ou origem.', 'pt', 'Sufrágio Universal', 'universal_suffrage');
INSERT INTO public.policy_option_translations (id, description, locale, name, option_id) VALUES (128, 'A governação é delegada a peritos e tecnocratas, isolados da pressão popular.', 'pt', 'Tecnocracia', 'technocracy');
INSERT INTO public.policy_option_translations (id, description, locale, name, option_id) VALUES (129, 'Apenas um partido político é permitido. As eleições, quando existem, não são competitivas.', 'pt', 'Estado de Partido Único', 'single_party_state');
INSERT INTO public.policy_option_translations (id, description, locale, name, option_id) VALUES (130, 'Não existe autoridade estatal formal. As comunidades autogovernam-se sem supervisão central.', 'pt', 'Anarquia', 'anarchy');
INSERT INTO public.policy_option_translations (id, description, locale, name, option_id) VALUES (131, 'Todos os residentes são súbditos do Estado, com direitos básicos iguais independentemente da cultura ou origem.', 'pt', 'Súbditos', 'subjecthood');
INSERT INTO public.policy_option_translations (id, description, locale, name, option_id) VALUES (132, 'A cidadania e os direitos plenos restringidos a um grupo étnico específico. Os restantes são excluídos.', 'pt', 'Etno-Estado', 'ethnostate');
INSERT INTO public.policy_option_translations (id, description, locale, name, option_id) VALUES (133, 'A cultura dominante detém um estatuto privilegiado. As minorias enfrentam desvantagens legais.', 'pt', 'Supremacia Nacional', 'national_supremacy');
INSERT INTO public.policy_option_translations (id, description, locale, name, option_id) VALUES (134, 'As raças são legalmente separadas, com direitos e acesso a serviços públicos distintos.', 'pt', 'Segregação Racial', 'racial_segregation');
INSERT INTO public.policy_option_translations (id, description, locale, name, option_id) VALUES (135, 'Determinados grupos culturais são excluídos da participação política e da cidadania plena.', 'pt', 'Exclusão Cultural', 'cultural_exclusion');
INSERT INTO public.policy_option_translations (id, description, locale, name, option_id) VALUES (136, 'Todas as culturas gozam de direitos iguais e proteção legal. A diversidade cultural é formalmente reconhecida.', 'pt', 'Multiculturalismo', 'multicultural');
INSERT INTO public.policy_option_translations (id, description, locale, name, option_id) VALUES (137, 'Uma religião oficial é consagrada pelo Estado. As restantes confissões enfrentam restrições ou são toleradas ao critério do Estado.', 'pt', 'Religião de Estado', 'state_religion');
INSERT INTO public.policy_option_translations (id, description, locale, name, option_id) VALUES (138, 'Todas as religiões são toleradas. O Estado não consagra nenhuma fé, mas permite a prática religiosa.', 'pt', 'Liberdade de Consciência', 'freedom_of_conscience');
INSERT INTO public.policy_option_translations (id, description, locale, name, option_id) VALUES (139, 'Uma barreira formal entre as instituições religiosas e o governo. Nenhum influencia o outro.', 'pt', 'Separação entre Igreja e Estado', 'separation_of_church_and_state');
INSERT INTO public.policy_option_translations (id, description, locale, name, option_id) VALUES (140, 'O Estado promove ativamente o secularismo e reprime ou desencoraja a prática religiosa.', 'pt', 'Ateísmo de Estado', 'state_atheism');
INSERT INTO public.policy_option_translations (id, description, locale, name, option_id) VALUES (141, 'Os cargos governamentais são transmitidos através de linhagens nobres ou familiares. O nascimento determina o cargo.', 'pt', 'Burocratas Hereditários', 'hereditary_bureaucrats');
INSERT INTO public.policy_option_translations (id, description, locale, name, option_id) VALUES (142, 'Os funcionários são escolhidos pela liderança política. A lealdade e o clientelismo determinam as nomeações.', 'pt', 'Burocratas Nomeados', 'appointed_bureaucrats');
INSERT INTO public.policy_option_translations (id, description, locale, name, option_id) VALUES (143, 'Os administradores são escolhidos por voto popular ou por órgãos representativos. Prestação de contas perante os eleitores.', 'pt', 'Burocratas Eleitos', 'elected_bureaucrats');
INSERT INTO public.policy_option_translations (id, description, locale, name, option_id) VALUES (144, 'Não existe exército permanente. Forças irregulares são recrutadas da população em tempo de guerra. Barato, mas fraco.', 'pt', 'Recrutamento Camponês', 'peasant_levies');
INSERT INTO public.policy_option_translations (id, description, locale, name, option_id) VALUES (145, 'Uma força permanente de soldados voluntários e treinados. Alta qualidade, mas dispendiosa de manter.', 'pt', 'Exército Profissional', 'professional_army');
INSERT INTO public.policy_option_translations (id, description, locale, name, option_id) VALUES (146, 'Uma grande força de reserva de cidadãos-soldados. Exército permanente limitado, mas com capacidade de mobilização em massa.', 'pt', 'Milícia Nacional', 'national_militia');
INSERT INTO public.policy_option_translations (id, description, locale, name, option_id) VALUES (147, 'Serviço militar universal. Um grande exército permanente combinado com ampla capacidade de reserva.', 'pt', 'Conscrição em Massa', 'mass_conscription');
INSERT INTO public.policy_option_translations (id, description, locale, name, option_id) VALUES (148, 'O país não mantém qualquer capacidade naval significativa.', 'pt', 'Sem Força Naval', 'no_naval_force');
INSERT INTO public.policy_option_translations (id, description, locale, name, option_id) VALUES (149, 'Uma pequena frota focada inteiramente na proteção das águas e linhas costeiras nacionais.', 'pt', 'Defesa Costeira', 'coastal_defense');
INSERT INTO public.policy_option_translations (id, description, locale, name, option_id) VALUES (150, 'Uma marinha dimensionada e equipada para proteger as rotas comerciais marítimas e os interesses comerciais.', 'pt', 'Proteção do Comércio', 'trade_protection');
INSERT INTO public.policy_option_translations (id, description, locale, name, option_id) VALUES (151, 'Uma marinha de águas azuis capaz de operar longe de casa e projetar poder internacionalmente.', 'pt', 'Projeção de Poder', 'power_projection');
INSERT INTO public.policy_option_translations (id, description, locale, name, option_id) VALUES (152, 'As liberdades cívicas são ativamente protegidas. O aparelho de segurança do Estado é limitado pela lei e pela supervisão.', 'pt', 'Liberdades Garantidas', 'guaranteed_liberties');
INSERT INTO public.policy_option_translations (id, description, locale, name, option_id) VALUES (153, 'Uma força de segurança interna focada na proteção do Estado contra ameaças externas e internas.', 'pt', 'Força de Defesa Interna', 'homeland_defense_force');
INSERT INTO public.policy_option_translations (id, description, locale, name, option_id) VALUES (154, 'Uma polícia política que vigia e reprime a dissidência. As liberdades cívicas são cerceadas.', 'pt', 'Polícia Secreta', 'secret_police');
INSERT INTO public.policy_option_translations (id, description, locale, name, option_id) VALUES (155, 'Uma economia de subsistência pré-industrial. Atividade de mercado limitada e forte autossuficiência local.', 'pt', 'Tradicionalismo', 'traditionalism');
INSERT INTO public.policy_option_translations (id, description, locale, name, option_id) VALUES (156, 'A economia centra-se na agricultura. A indústria é desencorajada em favor das classes proprietárias rurais.', 'pt', 'Agrarismo', 'agrarianism');
INSERT INTO public.policy_option_translations (id, description, locale, name, option_id) VALUES (157, 'Uma economia mista em que o Estado regula ativamente os mercados, detém indústrias-chave e orienta o investimento.', 'pt', 'Intervencionismo', 'interventionism');
INSERT INTO public.policy_option_translations (id, description, locale, name, option_id) VALUES (158, 'Interferência estatal mínima. Os mercados livres determinam salários, preços e produção com pouca regulação.', 'pt', 'Laissez-Faire', 'laissez_faire');
INSERT INTO public.policy_option_translations (id, description, locale, name, option_id) VALUES (159, 'Empresas detidas e geridas coletivamente pelos trabalhadores. Mecanismos de mercado mantidos, mas o capital é socializado.', 'pt', 'Propriedade Cooperativa', 'cooperative_ownership');
INSERT INTO public.policy_option_translations (id, description, locale, name, option_id) VALUES (160, 'O Estado dirige toda a produção e distribuição. A propriedade privada das empresas é abolida.', 'pt', 'Economia Planificada', 'command_economy');
INSERT INTO public.policy_option_translations (id, description, locale, name, option_id) VALUES (161, 'O país retira-se do comércio internacional. A autossuficiência económica é prioritária acima de tudo.', 'pt', 'Isolacionismo', 'isolationism');
INSERT INTO public.policy_option_translations (id, description, locale, name, option_id) VALUES (162, 'Comércio gerido para acumular riqueza nacional. Exportações incentivadas, importações restringidas por tarifas.', 'pt', 'Mercantilismo', 'mercantilism');
INSERT INTO public.policy_option_translations (id, description, locale, name, option_id) VALUES (163, 'Tarifas elevadas protegem as indústrias nacionais da concorrência estrangeira. Setores estratégicos priorizados.', 'pt', 'Protecionismo', 'protectionism');
INSERT INTO public.policy_option_translations (id, description, locale, name, option_id) VALUES (164, 'Fronteiras abertas a bens e capital. A vantagem comparativa impulsiona a especialização e o crescimento.', 'pt', 'Livre Comércio', 'free_trade');
INSERT INTO public.policy_option_translations (id, description, locale, name, option_id) VALUES (165, 'A receita é obtida sobretudo através de impostos sobre bens e serviços. O encargo recai sobre os consumidores.', 'pt', 'Tributação sobre o Consumo', 'consumption_based');
INSERT INTO public.policy_option_translations (id, description, locale, name, option_id) VALUES (166, 'A receita é obtida sobretudo através de impostos sobre a terra e a produção agrícola. Visa os proprietários fundiários.', 'pt', 'Tributação sobre a Terra', 'land_based');
INSERT INTO public.policy_option_translations (id, description, locale, name, option_id) VALUES (167, 'Uma taxa fixa cobrada igualmente a todos os cidadãos, independentemente do rendimento ou riqueza.', 'pt', 'Tributação por Capita', 'per_capita');
INSERT INTO public.policy_option_translations (id, description, locale, name, option_id) VALUES (168, 'Uma taxa de imposto única aplicada igualmente a todos os rendimentos. Simples e previsível.', 'pt', 'Tributação Proporcional', 'proportional');
INSERT INTO public.policy_option_translations (id, description, locale, name, option_id) VALUES (169, 'Taxas progressivas que aumentam com o rendimento. Os que mais ganham contribuem proporcionalmente mais.', 'pt', 'Tributação Progressiva', 'graduated');
INSERT INTO public.policy_option_translations (id, description, locale, name, option_id) VALUES (170, 'Os camponeses estão legalmente vinculados a terras de propriedade da nobreza. Obrigações laborais impostas por lei.', 'pt', 'Servidão', 'serfdom');
INSERT INTO public.policy_option_translations (id, description, locale, name, option_id) VALUES (171, 'Os camponeses arrendam terras aos proprietários. Sujeitos a despejo e dependentes da boa vontade do senhorio.', 'pt', 'Rendeiros', 'tenant_farmers');
INSERT INTO public.policy_option_translations (id, description, locale, name, option_id) VALUES (172, 'Grandes explorações produzem para o mercado. Rendeiros e trabalho assalariado substituem os arranjos tradicionais.', 'pt', 'Agricultura Comercial', 'commercialized_agriculture');
INSERT INTO public.policy_option_translations (id, description, locale, name, option_id) VALUES (173, 'Pequenos agricultores independentes possuem as suas terras. Predomina a agricultura de subsistência e de pequeno mercado.', 'pt', 'Pequena Propriedade Camponesa', 'peasant_proprietorship');
INSERT INTO public.policy_option_translations (id, description, locale, name, option_id) VALUES (174, 'Terras agrícolas geridas coletivamente pelo Estado ou por comunas. A agricultura privada é abolida.', 'pt', 'Agricultura Coletivizada', 'collectivized_agriculture');
INSERT INTO public.policy_option_translations (id, description, locale, name, option_id) VALUES (175, 'O Estado não tem política colonial. Não existem estruturas formais para colonizar ou explorar territórios estrangeiros.', 'pt', 'Sem Assuntos Coloniais', 'no_colonial_affairs');
INSERT INTO public.policy_option_translations (id, description, locale, name, option_id) VALUES (176, 'Os colonos são incentivados a ocupar e desenvolver terras de fronteira ou não reclamadas, com apoio do Estado.', 'pt', 'Colonização de Fronteira', 'frontier_colonization');
INSERT INTO public.policy_option_translations (id, description, locale, name, option_id) VALUES (177, 'Migração organizada de cidadãos para as colónias. Transferência de população patrocinada pelo Estado para novos territórios.', 'pt', 'Reassentamento Colonial', 'colonial_resettlement');
INSERT INTO public.policy_option_translations (id, description, locale, name, option_id) VALUES (178, 'As colónias existem para extrair recursos em benefício da metrópole. As populações nativas são subordinadas.', 'pt', 'Exploração Colonial', 'colonial_exploitation');
INSERT INTO public.policy_option_translations (id, description, locale, name, option_id) VALUES (179, 'Não existe aplicação organizada da lei. A ordem é mantida localmente ou não é mantida de todo.', 'pt', 'Sem Polícia', 'no_police');
INSERT INTO public.policy_option_translations (id, description, locale, name, option_id) VALUES (180, 'O policiamento é delegado às comunidades locais. Os agentes estão integrados na sua área e perante ela respondem.', 'pt', 'Força Policial Local', 'local_police_force');
INSERT INTO public.policy_option_translations (id, description, locale, name, option_id) VALUES (181, 'Um serviço de polícia nacional profissional. Padrões uniformes e comando centralizado.', 'pt', 'Força Policial Dedicada', 'dedicated_police_force');
INSERT INTO public.policy_option_translations (id, description, locale, name, option_id) VALUES (182, 'Polícia equipada e treinada segundo padrões militares. Ênfase no controlo e na ordem em detrimento dos direitos.', 'pt', 'Polícia Militarizada', 'militarized_police');
INSERT INTO public.policy_option_translations (id, description, locale, name, option_id) VALUES (183, 'Não há provisão estatal de ensino. A literacia e a aprendizagem ficam a cargo das famílias e da iniciativa privada.', 'pt', 'Sem Escolas', 'no_schools');
INSERT INTO public.policy_option_translations (id, description, locale, name, option_id) VALUES (184, 'O ensino é fornecido sobretudo por instituições religiosas. O currículo reflete valores religiosos.', 'pt', 'Escolas Religiosas', 'religious_schools');
INSERT INTO public.policy_option_translations (id, description, locale, name, option_id) VALUES (185, 'O ensino é fornecido por instituições privadas. A qualidade varia consoante a capacidade de pagamento.', 'pt', 'Escolas Privadas', 'private_schools');
INSERT INTO public.policy_option_translations (id, description, locale, name, option_id) VALUES (186, 'Ensino universal financiado pelo Estado. Gratuito no ponto de utilização e padronizado em todo o país.', 'pt', 'Escolas Públicas', 'public_schools');
INSERT INTO public.policy_option_translations (id, description, locale, name, option_id) VALUES (187, 'Não há envolvimento do Estado nos cuidados de saúde. Os cuidados médicos são uma questão inteiramente privada.', 'pt', 'Sem Sistema de Saúde', 'no_health_system');
INSERT INTO public.policy_option_translations (id, description, locale, name, option_id) VALUES (188, 'Cuidados de saúde fornecidos por organizações caritativas e religiosas a quem não pode pagar cuidados privados.', 'pt', 'Hospitais de Caridade', 'charity_hospitals');
INSERT INTO public.policy_option_translations (id, description, locale, name, option_id) VALUES (189, 'Cuidados médicos financiados por seguros privados. O acesso é determinado pela capacidade de pagar prémios.', 'pt', 'Seguro de Saúde Privado', 'private_health_insurance');
INSERT INTO public.policy_option_translations (id, description, locale, name, option_id) VALUES (190, 'Cuidados de saúde financiados pelo Estado, disponíveis a todos os cidadãos independentemente do rendimento.', 'pt', 'Seguro de Saúde Público', 'public_health_insurance');
INSERT INTO public.policy_option_translations (id, description, locale, name, option_id) VALUES (191, 'Toda a oposição política é criminalizada. A liberdade de expressão não existe.', 'pt', 'Dissidência Proibida', 'outlawed_dissent');
INSERT INTO public.policy_option_translations (id, description, locale, name, option_id) VALUES (192, 'O Estado controla os meios de comunicação e o discurso público. A crítica ao governo é restringida.', 'pt', 'Censura', 'censorship');
INSERT INTO public.policy_option_translations (id, description, locale, name, option_id) VALUES (193, 'Os cidadãos podem reunir-se e organizar-se livremente. O debate público é permitido, embora não plenamente protegido.', 'pt', 'Direito de Reunião', 'right_of_assembly');
INSERT INTO public.policy_option_translations (id, description, locale, name, option_id) VALUES (194, 'A liberdade de expressão é um direito fundamental. O Estado protege ativamente o discurso político.', 'pt', 'Expressão Protegida', 'protected_speech');
INSERT INTO public.policy_option_translations (id, description, locale, name, option_id) VALUES (195, 'Os trabalhadores não têm proteções legais. Os empregadores ditam todas as condições de trabalho.', 'pt', 'Sem Direitos dos Trabalhadores', 'no_workers_rights');
INSERT INTO public.policy_option_translations (id, description, locale, name, option_id) VALUES (196, 'Existem regulamentos laborais básicos, mas a fiscalização é fraca e os direitos são limitados.', 'pt', 'Órgãos Reguladores', 'regulatory_bodies');
INSERT INTO public.policy_option_translations (id, description, locale, name, option_id) VALUES (197, 'Proteções legais sólidas para os trabalhadores, incluindo salário mínimo, normas de segurança e estabilidade no emprego.', 'pt', 'Proteções dos Trabalhadores', 'workers_protections');
INSERT INTO public.policy_option_translations (id, description, locale, name, option_id) VALUES (198, 'Trabalhadores organizados em grémios profissionais que regulam as profissões e negoceiam com os empregadores.', 'pt', 'Sistema de Grémios', 'guild_system');
INSERT INTO public.policy_option_translations (id, description, locale, name, option_id) VALUES (199, 'Os sindicatos são proibidos. Os trabalhadores não podem organizar-se coletivamente nem fazer greve.', 'pt', 'Proibição de Coligações', 'combination_acts');
INSERT INTO public.policy_option_translations (id, description, locale, name, option_id) VALUES (200, 'Os sindicatos podem existir, mas as greves são fortemente restringidas ou ilegais.', 'pt', 'Leis Antigreve', 'anti_strike_laws');
INSERT INTO public.policy_option_translations (id, description, locale, name, option_id) VALUES (201, 'Os trabalhadores podem formar livremente sindicatos e participar em negociação coletiva.', 'pt', 'Direito de Associação', 'right_to_associate');
INSERT INTO public.policy_option_translations (id, description, locale, name, option_id) VALUES (202, 'Os sindicatos estão integrados na estrutura do Estado. A negociação coletiva é gerida e controlada.', 'pt', 'Sindicatos Corporativos', 'corporatized_unions');
INSERT INTO public.policy_option_translations (id, description, locale, name, option_id) VALUES (203, 'Conselhos de trabalhadores gerem diretamente os locais de trabalho. Uma forma radical de democracia industrial.', 'pt', 'Conselhos de Fábrica', 'factory_councils');
INSERT INTO public.policy_option_translations (id, description, locale, name, option_id) VALUES (204, 'As mulheres são dependentes legais de familiares do sexo masculino. Não podem possuir propriedade nem agir de forma independente.', 'pt', 'Tutela Legal', 'legal_guardianship');
INSERT INTO public.policy_option_translations (id, description, locale, name, option_id) VALUES (205, 'As mulheres podem possuir propriedade, mas permanecem excluídas da participação política.', 'pt', 'Mulheres Proprietárias', 'propertied_women');
INSERT INTO public.policy_option_translations (id, description, locale, name, option_id) VALUES (206, 'As mulheres têm direito a trabalhar, mas permanecem excluídas do voto e da vida política.', 'pt', 'Mulheres no Trabalho', 'women_in_the_workplace');
INSERT INTO public.policy_option_translations (id, description, locale, name, option_id) VALUES (207, 'As mulheres gozam de plena igualdade legal e política, incluindo o direito de votar e de ocupar cargos.', 'pt', 'Sufrágio Feminino', 'womens_suffrage');
INSERT INTO public.policy_option_translations (id, description, locale, name, option_id) VALUES (208, 'Não há apoio estatal aos pobres, desempregados ou idosos. A sobrevivência é uma questão inteiramente individual.', 'pt', 'Sem Segurança Social', 'no_social_security');
INSERT INTO public.policy_option_translations (id, description, locale, name, option_id) VALUES (209, 'Apoio estatal mínimo aos indigentes. Os beneficiários enfrentam condições estritas e estigma social.', 'pt', 'Leis dos Pobres', 'poor_laws');
INSERT INTO public.policy_option_translations (id, description, locale, name, option_id) VALUES (210, 'O Estado complementa os salários baixos para garantir um nível de vida mínimo.', 'pt', 'Subsídios Salariais', 'wage_subsidies');
INSERT INTO public.policy_option_translations (id, description, locale, name, option_id) VALUES (211, 'Rendimento financiado pelo Estado para os idosos. Um sistema de segurança social mais amplo, com múltiplas prestações.', 'pt', 'Pensão de Velhice', 'old_age_pension');
INSERT INTO public.policy_option_translations (id, description, locale, name, option_id) VALUES (212, 'Livre circulação para todos. Sem restrições sobre quem pode entrar, fixar-se ou trabalhar.', 'pt', 'Sem Controlos Migratórios', 'no_migration_controls');
INSERT INTO public.policy_option_translations (id, description, locale, name, option_id) VALUES (213, 'Imigração gerida com verificações e quotas. Existem vias legais, mas são reguladas.', 'pt', 'Controlos Migratórios', 'migration_controls');
INSERT INTO public.policy_option_translations (id, description, locale, name, option_id) VALUES (214, 'Restrição quase total à imigração. A entrada só é permitida em circunstâncias excecionais.', 'pt', 'Fronteiras Fechadas', 'closed_borders');
INSERT INTO public.policy_option_translations (id, description, locale, name, option_id) VALUES (215, 'As crianças podem ser empregadas. Não há restrições à sua utilização como mão de obra.', 'pt', 'Trabalho Infantil Permitido', 'child_labor_allowed');
INSERT INTO public.policy_option_translations (id, description, locale, name, option_id) VALUES (216, 'O trabalho infantil é limitado. Existem algumas proteções, mas não são plenamente fiscalizadas.', 'pt', 'Trabalho Infantil Restrito', 'restricted_child_labor');
INSERT INTO public.policy_option_translations (id, description, locale, name, option_id) VALUES (217, 'A escolaridade é obrigatória para as crianças. O trabalho infantil é proibido e os serviços de proteção são sólidos.', 'pt', 'Ensino Primário Obrigatório', 'compulsory_primary_school');
INSERT INTO public.policy_option_translations (id, description, locale, name, option_id) VALUES (218, 'Todas as formas de escravatura são ilegais. O trabalho forçado é criminalizado em todo o território.', 'pt', 'Escravatura Proibida', 'slavery_banned');
INSERT INTO public.policy_option_translations (id, description, locale, name, option_id) VALUES (219, 'A escravatura é proibida internamente, mas permitida nos territórios coloniais.', 'pt', 'Escravatura Colonial', 'colonial_slavery');
INSERT INTO public.policy_option_translations (id, description, locale, name, option_id) VALUES (220, 'As pessoas podem ser escravizadas para saldar dívidas. Uma forma de servidão com sanção legal.', 'pt', 'Escravatura por Dívida', 'debt_slavery');
INSERT INTO public.policy_option_translations (id, description, locale, name, option_id) VALUES (221, 'A compra e venda de pessoas escravizadas é legal e praticada.', 'pt', 'Comércio de Escravos', 'slave_trade');
INSERT INTO public.policy_option_translations (id, description, locale, name, option_id) VALUES (222, 'A escravatura está a ser eliminada, mas as antigas pessoas escravizadas permanecem em condições de servidão.', 'pt', 'Escravatura Residual', 'legacy_slavery');
INSERT INTO public.policy_option_translations (id, description, locale, name, option_id) VALUES (223, 'Metas agressivas de descarbonização, imposto sobre o carbono e forte investimento em energias renováveis.', 'pt', 'Transição Verde', 'green_new_deal');
INSERT INTO public.policy_option_translations (id, description, locale, name, option_id) VALUES (224, 'Metas de emissões com flexibilidade para a indústria. Incentivos privilegiados em vez de imposições.', 'pt', 'Regulação Moderada', 'moderate_green');
INSERT INTO public.policy_option_translations (id, description, locale, name, option_id) VALUES (225, 'Regras ambientais revogadas. O crescimento e a indústria são priorizados em detrimento do clima.', 'pt', 'Desregulado', 'deregulated');
INSERT INTO public.policy_option_translations (id, description, locale, name, option_id) VALUES (226, 'Construção em larga escala de habitação pública. Controlos de renda e fortes proteções dos inquilinos.', 'pt', 'Habitação Social', 'social_housing');
INSERT INTO public.policy_option_translations (id, description, locale, name, option_id) VALUES (227, 'Habitação pública para baixos rendimentos a par de um mercado privado regulado.', 'pt', 'Abordagem Mista', 'mixed_housing');
INSERT INTO public.policy_option_translations (id, description, locale, name, option_id) VALUES (228, 'Mercado imobiliário desregulado. A oferta e a procura definem os preços, com intervenção estatal mínima.', 'pt', 'Mercado Livre', 'free_market_housing');


--
-- Data for Name: policy_options; Type: TABLE DATA; Schema: public; Owner: visapolitica
--

INSERT INTO public.policy_options (id, display_order, group_id, icon_url) VALUES ('monarchy', 0, 'governance', 'https://vic3.paradoxwikis.com/thumb.php?f=Law_monarchy.png&width=64');
INSERT INTO public.policy_options (id, display_order, group_id, icon_url) VALUES ('social_monarchy', 1, 'governance', 'https://vic3.paradoxwikis.com/thumb.php?f=Law_social_monarchy.png&width=64');
INSERT INTO public.policy_options (id, display_order, group_id, icon_url) VALUES ('presidential_republic', 2, 'governance', 'https://vic3.paradoxwikis.com/thumb.php?f=Law_presidential_republic.png&width=64');
INSERT INTO public.policy_options (id, display_order, group_id, icon_url) VALUES ('parliamentary_republic', 3, 'governance', 'https://vic3.paradoxwikis.com/thumb.php?f=Law_parliamentary_republic.png&width=64');
INSERT INTO public.policy_options (id, display_order, group_id, icon_url) VALUES ('theocracy', 4, 'governance', 'https://vic3.paradoxwikis.com/thumb.php?f=Law_theocracy.png&width=64');
INSERT INTO public.policy_options (id, display_order, group_id, icon_url) VALUES ('corporate_state', 5, 'governance', 'https://vic3.paradoxwikis.com/thumb.php?f=Law_corporate_state.png&width=64');
INSERT INTO public.policy_options (id, display_order, group_id, icon_url) VALUES ('council_republic', 6, 'governance', 'https://vic3.paradoxwikis.com/thumb.php?f=Law_council_republic.png&width=64');
INSERT INTO public.policy_options (id, display_order, group_id, icon_url) VALUES ('autocracy', 7, 'distribution_of_power', 'https://vic3.paradoxwikis.com/thumb.php?f=Law_autocracy.png&width=64');
INSERT INTO public.policy_options (id, display_order, group_id, icon_url) VALUES ('oligarchy', 8, 'distribution_of_power', 'https://vic3.paradoxwikis.com/thumb.php?f=Law_oligarchy.png&width=64');
INSERT INTO public.policy_options (id, display_order, group_id, icon_url) VALUES ('landed_voting', 9, 'distribution_of_power', 'https://vic3.paradoxwikis.com/thumb.php?f=Law_landed_voting.png&width=64');
INSERT INTO public.policy_options (id, display_order, group_id, icon_url) VALUES ('wealth_voting', 10, 'distribution_of_power', 'https://vic3.paradoxwikis.com/thumb.php?f=Law_wealth_voting.png&width=64');
INSERT INTO public.policy_options (id, display_order, group_id, icon_url) VALUES ('census_suffrage', 11, 'distribution_of_power', 'https://vic3.paradoxwikis.com/thumb.php?f=Law_census_suffrage.png&width=64');
INSERT INTO public.policy_options (id, display_order, group_id, icon_url) VALUES ('universal_suffrage', 12, 'distribution_of_power', 'https://vic3.paradoxwikis.com/thumb.php?f=Law_universal_suffrage.png&width=64');
INSERT INTO public.policy_options (id, display_order, group_id, icon_url) VALUES ('technocracy', 13, 'distribution_of_power', 'https://vic3.paradoxwikis.com/thumb.php?f=Law_technocracy.png&width=64');
INSERT INTO public.policy_options (id, display_order, group_id, icon_url) VALUES ('single_party_state', 14, 'distribution_of_power', 'https://vic3.paradoxwikis.com/thumb.php?f=Law_single_party_state.png&width=64');
INSERT INTO public.policy_options (id, display_order, group_id, icon_url) VALUES ('anarchy', 15, 'distribution_of_power', 'https://vic3.paradoxwikis.com/thumb.php?f=Law_anarchy.png&width=64');
INSERT INTO public.policy_options (id, display_order, group_id, icon_url) VALUES ('subjecthood', 16, 'citizenship', 'https://vic3.paradoxwikis.com/thumb.php?f=Law_subjecthood.png&width=64');
INSERT INTO public.policy_options (id, display_order, group_id, icon_url) VALUES ('ethnostate', 17, 'citizenship', 'https://vic3.paradoxwikis.com/thumb.php?f=Law_ethnostate.png&width=64');
INSERT INTO public.policy_options (id, display_order, group_id, icon_url) VALUES ('national_supremacy', 18, 'citizenship', 'https://vic3.paradoxwikis.com/thumb.php?f=Law_national_supremacy.png&width=64');
INSERT INTO public.policy_options (id, display_order, group_id, icon_url) VALUES ('racial_segregation', 19, 'citizenship', 'https://vic3.paradoxwikis.com/thumb.php?f=Law_racial_segregation.png&width=64');
INSERT INTO public.policy_options (id, display_order, group_id, icon_url) VALUES ('cultural_exclusion', 20, 'citizenship', 'https://vic3.paradoxwikis.com/thumb.php?f=Law_cultural_exclusion.png&width=64');
INSERT INTO public.policy_options (id, display_order, group_id, icon_url) VALUES ('multicultural', 21, 'citizenship', 'https://vic3.paradoxwikis.com/thumb.php?f=Law_multicultural.png&width=64');
INSERT INTO public.policy_options (id, display_order, group_id, icon_url) VALUES ('state_religion', 22, 'church_state', 'https://vic3.paradoxwikis.com/thumb.php?f=Law_state_religion.png&width=64');
INSERT INTO public.policy_options (id, display_order, group_id, icon_url) VALUES ('freedom_of_conscience', 23, 'church_state', 'https://vic3.paradoxwikis.com/thumb.php?f=Law_freedom_of_conscience.png&width=64');
INSERT INTO public.policy_options (id, display_order, group_id, icon_url) VALUES ('separation_of_church_and_state', 24, 'church_state', 'https://vic3.paradoxwikis.com/thumb.php?f=Law_freedom_of_conscience.png&width=64');
INSERT INTO public.policy_options (id, display_order, group_id, icon_url) VALUES ('state_atheism', 25, 'church_state', 'https://vic3.paradoxwikis.com/thumb.php?f=Law_state_religion.png&width=64');
INSERT INTO public.policy_options (id, display_order, group_id, icon_url) VALUES ('hereditary_bureaucrats', 26, 'bureaucracy', NULL);
INSERT INTO public.policy_options (id, display_order, group_id, icon_url) VALUES ('appointed_bureaucrats', 27, 'bureaucracy', NULL);
INSERT INTO public.policy_options (id, display_order, group_id, icon_url) VALUES ('elected_bureaucrats', 28, 'bureaucracy', NULL);
INSERT INTO public.policy_options (id, display_order, group_id, icon_url) VALUES ('peasant_levies', 29, 'army', NULL);
INSERT INTO public.policy_options (id, display_order, group_id, icon_url) VALUES ('professional_army', 30, 'army', NULL);
INSERT INTO public.policy_options (id, display_order, group_id, icon_url) VALUES ('national_militia', 31, 'army', NULL);
INSERT INTO public.policy_options (id, display_order, group_id, icon_url) VALUES ('mass_conscription', 32, 'army', NULL);
INSERT INTO public.policy_options (id, display_order, group_id, icon_url) VALUES ('no_naval_force', 33, 'navy', NULL);
INSERT INTO public.policy_options (id, display_order, group_id, icon_url) VALUES ('coastal_defense', 34, 'navy', NULL);
INSERT INTO public.policy_options (id, display_order, group_id, icon_url) VALUES ('trade_protection', 35, 'navy', NULL);
INSERT INTO public.policy_options (id, display_order, group_id, icon_url) VALUES ('power_projection', 36, 'navy', NULL);
INSERT INTO public.policy_options (id, display_order, group_id, icon_url) VALUES ('guaranteed_liberties', 37, 'internal_security', NULL);
INSERT INTO public.policy_options (id, display_order, group_id, icon_url) VALUES ('homeland_defense_force', 38, 'internal_security', NULL);
INSERT INTO public.policy_options (id, display_order, group_id, icon_url) VALUES ('secret_police', 39, 'internal_security', NULL);
INSERT INTO public.policy_options (id, display_order, group_id, icon_url) VALUES ('traditionalism', 0, 'economic_system', 'https://vic3.paradoxwikis.com/thumb.php?f=Law_traditionalism.png&width=64');
INSERT INTO public.policy_options (id, display_order, group_id, icon_url) VALUES ('agrarianism', 1, 'economic_system', 'https://vic3.paradoxwikis.com/thumb.php?f=Law_agrarianism.png&width=64');
INSERT INTO public.policy_options (id, display_order, group_id, icon_url) VALUES ('interventionism', 2, 'economic_system', 'https://vic3.paradoxwikis.com/thumb.php?f=Law_interventionism.png&width=64');
INSERT INTO public.policy_options (id, display_order, group_id, icon_url) VALUES ('laissez_faire', 3, 'economic_system', 'https://vic3.paradoxwikis.com/thumb.php?f=Law_laissez_faire.png&width=64');
INSERT INTO public.policy_options (id, display_order, group_id, icon_url) VALUES ('cooperative_ownership', 4, 'economic_system', 'https://vic3.paradoxwikis.com/thumb.php?f=Law_cooperative_ownership.png&width=64');
INSERT INTO public.policy_options (id, display_order, group_id, icon_url) VALUES ('command_economy', 5, 'economic_system', 'https://vic3.paradoxwikis.com/thumb.php?f=Law_command_economy.png&width=64');
INSERT INTO public.policy_options (id, display_order, group_id, icon_url) VALUES ('isolationism', 6, 'trade', 'https://vic3.paradoxwikis.com/thumb.php?f=Law_isolationism.png&width=64');
INSERT INTO public.policy_options (id, display_order, group_id, icon_url) VALUES ('mercantilism', 7, 'trade', 'https://vic3.paradoxwikis.com/thumb.php?f=Law_mercantilism.png&width=64');
INSERT INTO public.policy_options (id, display_order, group_id, icon_url) VALUES ('protectionism', 8, 'trade', 'https://vic3.paradoxwikis.com/thumb.php?f=Law_protectionism.png&width=64');
INSERT INTO public.policy_options (id, display_order, group_id, icon_url) VALUES ('free_trade', 9, 'trade', 'https://vic3.paradoxwikis.com/thumb.php?f=Law_free_trade.png&width=64');
INSERT INTO public.policy_options (id, display_order, group_id, icon_url) VALUES ('consumption_based', 10, 'taxation', 'https://vic3.paradoxwikis.com/thumb.php?f=Law_per_capita_taxation.png&width=64');
INSERT INTO public.policy_options (id, display_order, group_id, icon_url) VALUES ('land_based', 11, 'taxation', 'https://vic3.paradoxwikis.com/thumb.php?f=Law_per_capita_taxation.png&width=64');
INSERT INTO public.policy_options (id, display_order, group_id, icon_url) VALUES ('per_capita', 12, 'taxation', 'https://vic3.paradoxwikis.com/thumb.php?f=Law_per_capita_taxation.png&width=64');
INSERT INTO public.policy_options (id, display_order, group_id, icon_url) VALUES ('proportional', 13, 'taxation', 'https://vic3.paradoxwikis.com/thumb.php?f=Law_proportional_taxation.png&width=64');
INSERT INTO public.policy_options (id, display_order, group_id, icon_url) VALUES ('graduated', 14, 'taxation', 'https://vic3.paradoxwikis.com/thumb.php?f=Law_graduated_taxation.png&width=64');
INSERT INTO public.policy_options (id, display_order, group_id, icon_url) VALUES ('serfdom', 15, 'land_reform', 'https://vic3.paradoxwikis.com/thumb.php?f=Law_serfdom.png&width=64');
INSERT INTO public.policy_options (id, display_order, group_id, icon_url) VALUES ('tenant_farmers', 16, 'land_reform', 'https://vic3.paradoxwikis.com/thumb.php?f=Law_tenant_farmers.png&width=64');
INSERT INTO public.policy_options (id, display_order, group_id, icon_url) VALUES ('commercialized_agriculture', 17, 'land_reform', 'https://vic3.paradoxwikis.com/thumb.php?f=Law_commercial_agriculture.png&width=64');
INSERT INTO public.policy_options (id, display_order, group_id, icon_url) VALUES ('peasant_proprietorship', 18, 'land_reform', 'https://vic3.paradoxwikis.com/thumb.php?f=Law_freeholders.png&width=64');
INSERT INTO public.policy_options (id, display_order, group_id, icon_url) VALUES ('collectivized_agriculture', 19, 'land_reform', 'https://vic3.paradoxwikis.com/thumb.php?f=Law_collectivized_agriculture.png&width=64');
INSERT INTO public.policy_options (id, display_order, group_id, icon_url) VALUES ('no_colonial_affairs', 20, 'colonization', 'https://vic3.paradoxwikis.com/thumb.php?f=Law_no_colonial_affairs.png&width=64');
INSERT INTO public.policy_options (id, display_order, group_id, icon_url) VALUES ('frontier_colonization', 21, 'colonization', 'https://vic3.paradoxwikis.com/thumb.php?f=Law_frontier_colonization.png&width=64');
INSERT INTO public.policy_options (id, display_order, group_id, icon_url) VALUES ('colonial_resettlement', 22, 'colonization', 'https://vic3.paradoxwikis.com/thumb.php?f=Law_colonial_resettlement.png&width=64');
INSERT INTO public.policy_options (id, display_order, group_id, icon_url) VALUES ('colonial_exploitation', 23, 'colonization', 'https://vic3.paradoxwikis.com/thumb.php?f=Law_colonial_exploitation.png&width=64');
INSERT INTO public.policy_options (id, display_order, group_id, icon_url) VALUES ('no_police', 24, 'policing', 'https://vic3.paradoxwikis.com/thumb.php?f=Law_no_police.png&width=64');
INSERT INTO public.policy_options (id, display_order, group_id, icon_url) VALUES ('local_police_force', 25, 'policing', 'https://vic3.paradoxwikis.com/thumb.php?f=Law_local_police_force.png&width=64');
INSERT INTO public.policy_options (id, display_order, group_id, icon_url) VALUES ('dedicated_police_force', 26, 'policing', 'https://vic3.paradoxwikis.com/thumb.php?f=Law_dedicated_police_force.png&width=64');
INSERT INTO public.policy_options (id, display_order, group_id, icon_url) VALUES ('militarized_police', 27, 'policing', 'https://vic3.paradoxwikis.com/thumb.php?f=Law_militarized_police.png&width=64');
INSERT INTO public.policy_options (id, display_order, group_id, icon_url) VALUES ('no_schools', 28, 'education', 'https://vic3.paradoxwikis.com/thumb.php?f=Law_no_schools.png&width=64');
INSERT INTO public.policy_options (id, display_order, group_id, icon_url) VALUES ('religious_schools', 29, 'education', 'https://vic3.paradoxwikis.com/thumb.php?f=Law_religious_schools.png&width=64');
INSERT INTO public.policy_options (id, display_order, group_id, icon_url) VALUES ('private_schools', 30, 'education', 'https://vic3.paradoxwikis.com/thumb.php?f=Law_private_schools.png&width=64');
INSERT INTO public.policy_options (id, display_order, group_id, icon_url) VALUES ('public_schools', 31, 'education', 'https://vic3.paradoxwikis.com/thumb.php?f=Law_public_schools.png&width=64');
INSERT INTO public.policy_options (id, display_order, group_id, icon_url) VALUES ('no_health_system', 32, 'healthcare', 'https://vic3.paradoxwikis.com/thumb.php?f=Law_no_health_system.png&width=64');
INSERT INTO public.policy_options (id, display_order, group_id, icon_url) VALUES ('charity_hospitals', 33, 'healthcare', 'https://vic3.paradoxwikis.com/thumb.php?f=Law_charity_hospitals.png&width=64');
INSERT INTO public.policy_options (id, display_order, group_id, icon_url) VALUES ('private_health_insurance', 34, 'healthcare', 'https://vic3.paradoxwikis.com/thumb.php?f=Law_private_health_insurance.png&width=64');
INSERT INTO public.policy_options (id, display_order, group_id, icon_url) VALUES ('public_health_insurance', 35, 'healthcare', 'https://vic3.paradoxwikis.com/thumb.php?f=Law_public_health_insurance.png&width=64');
INSERT INTO public.policy_options (id, display_order, group_id, icon_url) VALUES ('outlawed_dissent', 0, 'free_speech', 'https://vic3.paradoxwikis.com/thumb.php?f=Law_outlawed_dissent.png&width=64');
INSERT INTO public.policy_options (id, display_order, group_id, icon_url) VALUES ('censorship', 1, 'free_speech', 'https://vic3.paradoxwikis.com/thumb.php?f=Law_censorship.png&width=64');
INSERT INTO public.policy_options (id, display_order, group_id, icon_url) VALUES ('right_of_assembly', 2, 'free_speech', 'https://vic3.paradoxwikis.com/thumb.php?f=Law_right_of_assembly.png&width=64');
INSERT INTO public.policy_options (id, display_order, group_id, icon_url) VALUES ('protected_speech', 3, 'free_speech', 'https://vic3.paradoxwikis.com/thumb.php?f=Law_protected_speech.png&width=64');
INSERT INTO public.policy_options (id, display_order, group_id, icon_url) VALUES ('no_workers_rights', 4, 'labor_rights', 'https://vic3.paradoxwikis.com/thumb.php?f=Law_no_workers_rights.png&width=64');
INSERT INTO public.policy_options (id, display_order, group_id, icon_url) VALUES ('regulatory_bodies', 5, 'labor_rights', 'https://vic3.paradoxwikis.com/thumb.php?f=Law_regulatory_bodies.png&width=64');
INSERT INTO public.policy_options (id, display_order, group_id, icon_url) VALUES ('workers_protections', 6, 'labor_rights', 'https://vic3.paradoxwikis.com/thumb.php?f=Law_workers_protections.png&width=64');
INSERT INTO public.policy_options (id, display_order, group_id, icon_url) VALUES ('guild_system', 7, 'labor_associations', 'https://vic3.paradoxwikis.com/thumb.php?f=Law_guild_system.png&width=64');
INSERT INTO public.policy_options (id, display_order, group_id, icon_url) VALUES ('combination_acts', 8, 'labor_associations', 'https://vic3.paradoxwikis.com/thumb.php?f=Law_combination_acts.png&width=64');
INSERT INTO public.policy_options (id, display_order, group_id, icon_url) VALUES ('anti_strike_laws', 9, 'labor_associations', 'https://vic3.paradoxwikis.com/thumb.php?f=Law_anti_strike_laws.png&width=64');
INSERT INTO public.policy_options (id, display_order, group_id, icon_url) VALUES ('right_to_associate', 10, 'labor_associations', 'https://vic3.paradoxwikis.com/thumb.php?f=Law_right_to_associate.png&width=64');
INSERT INTO public.policy_options (id, display_order, group_id, icon_url) VALUES ('corporatized_unions', 11, 'labor_associations', 'https://vic3.paradoxwikis.com/thumb.php?f=Law_corporatized_unions.png&width=64');
INSERT INTO public.policy_options (id, display_order, group_id, icon_url) VALUES ('factory_councils', 12, 'labor_associations', 'https://vic3.paradoxwikis.com/thumb.php?f=Law_factory_councils.png&width=64');
INSERT INTO public.policy_options (id, display_order, group_id, icon_url) VALUES ('legal_guardianship', 13, 'womens_rights', 'https://vic3.paradoxwikis.com/thumb.php?f=Law_no_womens_rights.png&width=64');
INSERT INTO public.policy_options (id, display_order, group_id, icon_url) VALUES ('propertied_women', 14, 'womens_rights', 'https://vic3.paradoxwikis.com/thumb.php?f=Law_women_own_property.png&width=64');
INSERT INTO public.policy_options (id, display_order, group_id, icon_url) VALUES ('women_in_the_workplace', 15, 'womens_rights', 'https://vic3.paradoxwikis.com/thumb.php?f=Law_women_in_the_workplace.png&width=64');
INSERT INTO public.policy_options (id, display_order, group_id, icon_url) VALUES ('womens_suffrage', 16, 'womens_rights', 'https://vic3.paradoxwikis.com/thumb.php?f=Law_womens_suffrage.png&width=64');
INSERT INTO public.policy_options (id, display_order, group_id, icon_url) VALUES ('no_social_security', 17, 'welfare', 'https://vic3.paradoxwikis.com/thumb.php?f=Law_no_social_security.png&width=64');
INSERT INTO public.policy_options (id, display_order, group_id, icon_url) VALUES ('poor_laws', 18, 'welfare', 'https://vic3.paradoxwikis.com/thumb.php?f=Law_poor_laws.png&width=64');
INSERT INTO public.policy_options (id, display_order, group_id, icon_url) VALUES ('wage_subsidies', 19, 'welfare', 'https://vic3.paradoxwikis.com/thumb.php?f=Law_wage_controls.png&width=64');
INSERT INTO public.policy_options (id, display_order, group_id, icon_url) VALUES ('old_age_pension', 20, 'welfare', 'https://vic3.paradoxwikis.com/thumb.php?f=Law_old_age_pension.png&width=64');
INSERT INTO public.policy_options (id, display_order, group_id, icon_url) VALUES ('no_migration_controls', 21, 'migration', 'https://vic3.paradoxwikis.com/thumb.php?f=Law_no_migration_controls.png&width=64');
INSERT INTO public.policy_options (id, display_order, group_id, icon_url) VALUES ('migration_controls', 22, 'migration', 'https://vic3.paradoxwikis.com/thumb.php?f=Law_migration_controls.png&width=64');
INSERT INTO public.policy_options (id, display_order, group_id, icon_url) VALUES ('closed_borders', 23, 'migration', 'https://vic3.paradoxwikis.com/thumb.php?f=Law_closed_borders.png&width=64');
INSERT INTO public.policy_options (id, display_order, group_id, icon_url) VALUES ('child_labor_allowed', 24, 'children_rights', 'https://vic3.paradoxwikis.com/thumb.php?f=Law_child_labor_allowed.png&width=64');
INSERT INTO public.policy_options (id, display_order, group_id, icon_url) VALUES ('restricted_child_labor', 25, 'children_rights', 'https://vic3.paradoxwikis.com/thumb.php?f=Law_restricted_child_labor.png&width=64');
INSERT INTO public.policy_options (id, display_order, group_id, icon_url) VALUES ('compulsory_primary_school', 26, 'children_rights', 'https://vic3.paradoxwikis.com/thumb.php?f=Law_compulsory_primary_school.png&width=64');
INSERT INTO public.policy_options (id, display_order, group_id, icon_url) VALUES ('slavery_banned', 27, 'slavery', 'https://vic3.paradoxwikis.com/thumb.php?f=Law_slavery_banned.png&width=64');
INSERT INTO public.policy_options (id, display_order, group_id, icon_url) VALUES ('colonial_slavery', 28, 'slavery', 'https://vic3.paradoxwikis.com/thumb.php?f=Law_colonial_slavery.png&width=64');
INSERT INTO public.policy_options (id, display_order, group_id, icon_url) VALUES ('debt_slavery', 29, 'slavery', 'https://vic3.paradoxwikis.com/thumb.php?f=Law_debt_slavery.png&width=64');
INSERT INTO public.policy_options (id, display_order, group_id, icon_url) VALUES ('slave_trade', 30, 'slavery', 'https://vic3.paradoxwikis.com/thumb.php?f=Law_slave_trade.png&width=64');
INSERT INTO public.policy_options (id, display_order, group_id, icon_url) VALUES ('legacy_slavery', 31, 'slavery', 'https://vic3.paradoxwikis.com/thumb.php?f=Law_legacy_slavery.png&width=64');
INSERT INTO public.policy_options (id, display_order, group_id, icon_url) VALUES ('green_new_deal', 32, 'environment', NULL);
INSERT INTO public.policy_options (id, display_order, group_id, icon_url) VALUES ('moderate_green', 33, 'environment', NULL);
INSERT INTO public.policy_options (id, display_order, group_id, icon_url) VALUES ('deregulated', 34, 'environment', NULL);
INSERT INTO public.policy_options (id, display_order, group_id, icon_url) VALUES ('social_housing', 35, 'housing', NULL);
INSERT INTO public.policy_options (id, display_order, group_id, icon_url) VALUES ('mixed_housing', 36, 'housing', NULL);
INSERT INTO public.policy_options (id, display_order, group_id, icon_url) VALUES ('free_market_housing', 37, 'housing', NULL);


--
-- Name: agenda_priorities_id_seq; Type: SEQUENCE SET; Schema: public; Owner: visapolitica
--

SELECT pg_catalog.setval('public.agenda_priorities_id_seq', 21, true);


--
-- Name: category_translations_id_seq; Type: SEQUENCE SET; Schema: public; Owner: visapolitica
--

SELECT pg_catalog.setval('public.category_translations_id_seq', 6, true);


--
-- Name: party_stances_id_seq; Type: SEQUENCE SET; Schema: public; Owner: visapolitica
--

SELECT pg_catalog.setval('public.party_stances_id_seq', 798, true);


--
-- Name: party_translations_id_seq; Type: SEQUENCE SET; Schema: public; Owner: visapolitica
--

SELECT pg_catalog.setval('public.party_translations_id_seq', 14, true);


--
-- Name: policy_group_translations_id_seq; Type: SEQUENCE SET; Schema: public; Owner: visapolitica
--

SELECT pg_catalog.setval('public.policy_group_translations_id_seq', 52, true);


--
-- Name: policy_option_translations_id_seq; Type: SEQUENCE SET; Schema: public; Owner: visapolitica
--

SELECT pg_catalog.setval('public.policy_option_translations_id_seq', 228, true);


--
-- PostgreSQL database dump complete
--

\unrestrict dKiPNC8ekdJqdhW9tU4TucKn6S8jS8ki0TXmMLHClkQpmuYNNg9gN83h7jGcbHP



-- ============================================================
-- Party detail mock data (positions / people / history)
-- ============================================================

--
-- Data for Name: party_positions; Type: TABLE DATA; Schema: public; Owner: objetivisa
--

INSERT INTO public.party_positions (id, party_id, display_order) VALUES (1, 'ps', 1);
INSERT INTO public.party_positions (id, party_id, display_order) VALUES (2, 'ps', 2);
INSERT INTO public.party_positions (id, party_id, display_order) VALUES (3, 'ps', 3);
INSERT INTO public.party_positions (id, party_id, display_order) VALUES (4, 'psd', 1);
INSERT INTO public.party_positions (id, party_id, display_order) VALUES (5, 'psd', 2);
INSERT INTO public.party_positions (id, party_id, display_order) VALUES (6, 'psd', 3);
INSERT INTO public.party_positions (id, party_id, display_order) VALUES (7, 'chega', 1);
INSERT INTO public.party_positions (id, party_id, display_order) VALUES (8, 'chega', 2);
INSERT INTO public.party_positions (id, party_id, display_order) VALUES (9, 'chega', 3);
INSERT INTO public.party_positions (id, party_id, display_order) VALUES (10, 'il', 1);
INSERT INTO public.party_positions (id, party_id, display_order) VALUES (11, 'il', 2);
INSERT INTO public.party_positions (id, party_id, display_order) VALUES (12, 'il', 3);
INSERT INTO public.party_positions (id, party_id, display_order) VALUES (13, 'be', 1);
INSERT INTO public.party_positions (id, party_id, display_order) VALUES (14, 'be', 2);
INSERT INTO public.party_positions (id, party_id, display_order) VALUES (15, 'be', 3);
INSERT INTO public.party_positions (id, party_id, display_order) VALUES (16, 'cdu', 1);
INSERT INTO public.party_positions (id, party_id, display_order) VALUES (17, 'cdu', 2);
INSERT INTO public.party_positions (id, party_id, display_order) VALUES (18, 'cdu', 3);
INSERT INTO public.party_positions (id, party_id, display_order) VALUES (19, 'pan', 1);
INSERT INTO public.party_positions (id, party_id, display_order) VALUES (20, 'pan', 2);
INSERT INTO public.party_positions (id, party_id, display_order) VALUES (21, 'pan', 3);

--
-- Data for Name: party_position_translations; Type: TABLE DATA; Schema: public; Owner: objetivisa
--

INSERT INTO public.party_position_translations (id, position_id, locale, topic, summary) VALUES (1, 1, 'en', 'Housing', 'Backs public investment in affordable housing and rent regulation.');
INSERT INTO public.party_position_translations (id, position_id, locale, topic, summary) VALUES (2, 1, 'pt', 'Habitação', 'Defende investimento público em habitação acessível e regulação do arrendamento.');
INSERT INTO public.party_position_translations (id, position_id, locale, topic, summary) VALUES (3, 2, 'en', 'Economy', 'Favours a mixed economy with strong public services and balanced budgets.');
INSERT INTO public.party_position_translations (id, position_id, locale, topic, summary) VALUES (4, 2, 'pt', 'Economia', 'Aposta numa economia mista com serviços públicos fortes e contas equilibradas.');
INSERT INTO public.party_position_translations (id, position_id, locale, topic, summary) VALUES (5, 3, 'en', 'Europe', 'Strongly pro-European and committed to EU integration.');
INSERT INTO public.party_position_translations (id, position_id, locale, topic, summary) VALUES (6, 3, 'pt', 'Europa', 'Forte compromisso europeísta e integração na União Europeia.');
INSERT INTO public.party_position_translations (id, position_id, locale, topic, summary) VALUES (7, 4, 'en', 'Economy', 'Promotes tax cuts and support for small and medium enterprises.');
INSERT INTO public.party_position_translations (id, position_id, locale, topic, summary) VALUES (8, 4, 'pt', 'Economia', 'Promove a redução de impostos e o apoio às pequenas e médias empresas.');
INSERT INTO public.party_position_translations (id, position_id, locale, topic, summary) VALUES (9, 5, 'en', 'Health', 'Supports public-private partnerships in healthcare.');
INSERT INTO public.party_position_translations (id, position_id, locale, topic, summary) VALUES (10, 5, 'pt', 'Saúde', 'Defende parcerias entre o setor público e privado na saúde.');
INSERT INTO public.party_position_translations (id, position_id, locale, topic, summary) VALUES (11, 6, 'en', 'Decentralisation', 'Backs devolving powers to local government.');
INSERT INTO public.party_position_translations (id, position_id, locale, topic, summary) VALUES (12, 6, 'pt', 'Descentralização', 'Aposta na descentralização de competências para as autarquias.');
INSERT INTO public.party_position_translations (id, position_id, locale, topic, summary) VALUES (13, 7, 'en', 'Security', 'Calls for stronger police forces and tougher sentencing.');
INSERT INTO public.party_position_translations (id, position_id, locale, topic, summary) VALUES (14, 7, 'pt', 'Segurança', 'Defende reforço das forças de segurança e penas mais severas.');
INSERT INTO public.party_position_translations (id, position_id, locale, topic, summary) VALUES (15, 8, 'en', 'Immigration', 'Proposes tight control of immigration and borders.');
INSERT INTO public.party_position_translations (id, position_id, locale, topic, summary) VALUES (16, 8, 'pt', 'Imigração', 'Propõe controlo apertado da imigração e das fronteiras.');
INSERT INTO public.party_position_translations (id, position_id, locale, topic, summary) VALUES (17, 9, 'en', 'Corruption', 'Places the fight against corruption at the centre of its programme.');
INSERT INTO public.party_position_translations (id, position_id, locale, topic, summary) VALUES (18, 9, 'pt', 'Corrupção', 'Coloca o combate à corrupção no centro do seu programa.');
INSERT INTO public.party_position_translations (id, position_id, locale, topic, summary) VALUES (19, 10, 'en', 'Taxes', 'Advocates a significant reduction and simplification of taxes.');
INSERT INTO public.party_position_translations (id, position_id, locale, topic, summary) VALUES (20, 10, 'pt', 'Impostos', 'Defende uma redução significativa e simplificação dos impostos.');
INSERT INTO public.party_position_translations (id, position_id, locale, topic, summary) VALUES (21, 11, 'en', 'State', 'Proposes a smaller state and less economic regulation.');
INSERT INTO public.party_position_translations (id, position_id, locale, topic, summary) VALUES (22, 11, 'pt', 'Estado', 'Propõe um Estado mais pequeno e menos regulação da economia.');
INSERT INTO public.party_position_translations (id, position_id, locale, topic, summary) VALUES (23, 12, 'en', 'Freedom', 'Emphasises individual liberties and free enterprise.');
INSERT INTO public.party_position_translations (id, position_id, locale, topic, summary) VALUES (24, 12, 'pt', 'Liberdade', 'Enfatiza as liberdades individuais e a livre iniciativa.');
INSERT INTO public.party_position_translations (id, position_id, locale, topic, summary) VALUES (25, 13, 'en', 'Labour', 'Backs higher wages and stronger labour rights.');
INSERT INTO public.party_position_translations (id, position_id, locale, topic, summary) VALUES (26, 13, 'pt', 'Trabalho', 'Defende o aumento dos salários e o reforço dos direitos laborais.');
INSERT INTO public.party_position_translations (id, position_id, locale, topic, summary) VALUES (27, 14, 'en', 'Housing', 'Proposes rent controls and heavy public housing investment.');
INSERT INTO public.party_position_translations (id, position_id, locale, topic, summary) VALUES (28, 14, 'pt', 'Habitação', 'Propõe controlo de rendas e forte investimento público na habitação.');
INSERT INTO public.party_position_translations (id, position_id, locale, topic, summary) VALUES (29, 15, 'en', 'Climate', 'Pushes for a just and ambitious ecological transition.');
INSERT INTO public.party_position_translations (id, position_id, locale, topic, summary) VALUES (30, 15, 'pt', 'Clima', 'Aposta numa transição ecológica justa e ambiciosa.');
INSERT INTO public.party_position_translations (id, position_id, locale, topic, summary) VALUES (31, 16, 'en', 'Workers', 'Defends workers'' rights and collective bargaining.');
INSERT INTO public.party_position_translations (id, position_id, locale, topic, summary) VALUES (32, 16, 'pt', 'Trabalhadores', 'Defende os direitos dos trabalhadores e a contratação coletiva.');
INSERT INTO public.party_position_translations (id, position_id, locale, topic, summary) VALUES (33, 17, 'en', 'Public Services', 'Backs a strong public sector in health, education and transport.');
INSERT INTO public.party_position_translations (id, position_id, locale, topic, summary) VALUES (34, 17, 'pt', 'Serviços Públicos', 'Aposta num setor público forte na saúde, educação e transportes.');
INSERT INTO public.party_position_translations (id, position_id, locale, topic, summary) VALUES (35, 18, 'en', 'Sovereignty', 'Values national sovereignty vis-à-vis the European Union.');
INSERT INTO public.party_position_translations (id, position_id, locale, topic, summary) VALUES (36, 18, 'pt', 'Soberania', 'Valoriza a soberania nacional face à União Europeia.');
INSERT INTO public.party_position_translations (id, position_id, locale, topic, summary) VALUES (37, 19, 'en', 'Environment', 'Places environmental protection at the centre of policy.');
INSERT INTO public.party_position_translations (id, position_id, locale, topic, summary) VALUES (38, 19, 'pt', 'Ambiente', 'Coloca a proteção ambiental no centro da ação política.');
INSERT INTO public.party_position_translations (id, position_id, locale, topic, summary) VALUES (39, 20, 'en', 'Animal Welfare', 'Advocates stronger animal protection laws.');
INSERT INTO public.party_position_translations (id, position_id, locale, topic, summary) VALUES (40, 20, 'pt', 'Bem-estar Animal', 'Defende leis mais fortes para a proteção dos animais.');
INSERT INTO public.party_position_translations (id, position_id, locale, topic, summary) VALUES (41, 21, 'en', 'Sustainability', 'Promotes a sustainable, low-carbon economic model.');
INSERT INTO public.party_position_translations (id, position_id, locale, topic, summary) VALUES (42, 21, 'pt', 'Sustentabilidade', 'Promove um modelo económico sustentável e de baixo carbono.');

--
-- Data for Name: party_people; Type: TABLE DATA; Schema: public; Owner: objetivisa
--

INSERT INTO public.party_people (id, party_id, image_url, display_order) VALUES (1, 'ps', 'https://i.pravatar.cc/150?u=ps-1', 1);
INSERT INTO public.party_people (id, party_id, image_url, display_order) VALUES (2, 'ps', 'https://i.pravatar.cc/150?u=ps-2', 2);
INSERT INTO public.party_people (id, party_id, image_url, display_order) VALUES (3, 'ps', 'https://i.pravatar.cc/150?u=ps-3', 3);
INSERT INTO public.party_people (id, party_id, image_url, display_order) VALUES (4, 'psd', 'https://i.pravatar.cc/150?u=psd-1', 1);
INSERT INTO public.party_people (id, party_id, image_url, display_order) VALUES (5, 'psd', 'https://i.pravatar.cc/150?u=psd-2', 2);
INSERT INTO public.party_people (id, party_id, image_url, display_order) VALUES (6, 'psd', 'https://i.pravatar.cc/150?u=psd-3', 3);
INSERT INTO public.party_people (id, party_id, image_url, display_order) VALUES (7, 'chega', 'https://i.pravatar.cc/150?u=chega-1', 1);
INSERT INTO public.party_people (id, party_id, image_url, display_order) VALUES (8, 'chega', 'https://i.pravatar.cc/150?u=chega-2', 2);
INSERT INTO public.party_people (id, party_id, image_url, display_order) VALUES (9, 'chega', 'https://i.pravatar.cc/150?u=chega-3', 3);
INSERT INTO public.party_people (id, party_id, image_url, display_order) VALUES (10, 'il', 'https://i.pravatar.cc/150?u=il-1', 1);
INSERT INTO public.party_people (id, party_id, image_url, display_order) VALUES (11, 'il', 'https://i.pravatar.cc/150?u=il-2', 2);
INSERT INTO public.party_people (id, party_id, image_url, display_order) VALUES (12, 'il', 'https://i.pravatar.cc/150?u=il-3', 3);
INSERT INTO public.party_people (id, party_id, image_url, display_order) VALUES (13, 'be', 'https://i.pravatar.cc/150?u=be-1', 1);
INSERT INTO public.party_people (id, party_id, image_url, display_order) VALUES (14, 'be', 'https://i.pravatar.cc/150?u=be-2', 2);
INSERT INTO public.party_people (id, party_id, image_url, display_order) VALUES (15, 'be', 'https://i.pravatar.cc/150?u=be-3', 3);
INSERT INTO public.party_people (id, party_id, image_url, display_order) VALUES (16, 'cdu', 'https://i.pravatar.cc/150?u=cdu-1', 1);
INSERT INTO public.party_people (id, party_id, image_url, display_order) VALUES (17, 'cdu', 'https://i.pravatar.cc/150?u=cdu-2', 2);
INSERT INTO public.party_people (id, party_id, image_url, display_order) VALUES (18, 'cdu', 'https://i.pravatar.cc/150?u=cdu-3', 3);
INSERT INTO public.party_people (id, party_id, image_url, display_order) VALUES (19, 'pan', 'https://i.pravatar.cc/150?u=pan-1', 1);
INSERT INTO public.party_people (id, party_id, image_url, display_order) VALUES (20, 'pan', 'https://i.pravatar.cc/150?u=pan-2', 2);
INSERT INTO public.party_people (id, party_id, image_url, display_order) VALUES (21, 'pan', 'https://i.pravatar.cc/150?u=pan-3', 3);

--
-- Data for Name: party_person_translations; Type: TABLE DATA; Schema: public; Owner: objetivisa
--

INSERT INTO public.party_person_translations (id, person_id, locale, name, role) VALUES (1, 1, 'en', 'Pedro Nuno Santos', 'Secretary-General');
INSERT INTO public.party_person_translations (id, person_id, locale, name, role) VALUES (2, 1, 'pt', 'Pedro Nuno Santos', 'Secretário-geral');
INSERT INTO public.party_person_translations (id, person_id, locale, name, role) VALUES (3, 2, 'en', 'António Costa', 'Former Prime Minister');
INSERT INTO public.party_person_translations (id, person_id, locale, name, role) VALUES (4, 2, 'pt', 'António Costa', 'Antigo Primeiro-Ministro');
INSERT INTO public.party_person_translations (id, person_id, locale, name, role) VALUES (5, 3, 'en', 'Mário Soares', 'Founder');
INSERT INTO public.party_person_translations (id, person_id, locale, name, role) VALUES (6, 3, 'pt', 'Mário Soares', 'Fundador');
INSERT INTO public.party_person_translations (id, person_id, locale, name, role) VALUES (7, 4, 'en', 'Luís Montenegro', 'President');
INSERT INTO public.party_person_translations (id, person_id, locale, name, role) VALUES (8, 4, 'pt', 'Luís Montenegro', 'Presidente');
INSERT INTO public.party_person_translations (id, person_id, locale, name, role) VALUES (9, 5, 'en', 'Aníbal Cavaco Silva', 'Former Prime Minister');
INSERT INTO public.party_person_translations (id, person_id, locale, name, role) VALUES (10, 5, 'pt', 'Aníbal Cavaco Silva', 'Antigo Primeiro-Ministro');
INSERT INTO public.party_person_translations (id, person_id, locale, name, role) VALUES (11, 6, 'en', 'Francisco Sá Carneiro', 'Founder');
INSERT INTO public.party_person_translations (id, person_id, locale, name, role) VALUES (12, 6, 'pt', 'Francisco Sá Carneiro', 'Fundador');
INSERT INTO public.party_person_translations (id, person_id, locale, name, role) VALUES (13, 7, 'en', 'André Ventura', 'President');
INSERT INTO public.party_person_translations (id, person_id, locale, name, role) VALUES (14, 7, 'pt', 'André Ventura', 'Presidente');
INSERT INTO public.party_person_translations (id, person_id, locale, name, role) VALUES (15, 8, 'en', 'Diogo Pacheco de Amorim', 'Vice-President');
INSERT INTO public.party_person_translations (id, person_id, locale, name, role) VALUES (16, 8, 'pt', 'Diogo Pacheco de Amorim', 'Vice-presidente');
INSERT INTO public.party_person_translations (id, person_id, locale, name, role) VALUES (17, 9, 'en', 'Pedro Pinto', 'Parliamentary Leader');
INSERT INTO public.party_person_translations (id, person_id, locale, name, role) VALUES (18, 9, 'pt', 'Pedro Pinto', 'Líder parlamentar');
INSERT INTO public.party_person_translations (id, person_id, locale, name, role) VALUES (19, 10, 'en', 'Rui Rocha', 'President');
INSERT INTO public.party_person_translations (id, person_id, locale, name, role) VALUES (20, 10, 'pt', 'Rui Rocha', 'Presidente');
INSERT INTO public.party_person_translations (id, person_id, locale, name, role) VALUES (21, 11, 'en', 'João Cotrim de Figueiredo', 'Former Leader');
INSERT INTO public.party_person_translations (id, person_id, locale, name, role) VALUES (22, 11, 'pt', 'João Cotrim de Figueiredo', 'Antigo líder');
INSERT INTO public.party_person_translations (id, person_id, locale, name, role) VALUES (23, 12, 'en', 'Carlos Guimarães Pinto', 'Co-founder');
INSERT INTO public.party_person_translations (id, person_id, locale, name, role) VALUES (24, 12, 'pt', 'Carlos Guimarães Pinto', 'Cofundador');
INSERT INTO public.party_person_translations (id, person_id, locale, name, role) VALUES (25, 13, 'en', 'Mariana Mortágua', 'Coordinator');
INSERT INTO public.party_person_translations (id, person_id, locale, name, role) VALUES (26, 13, 'pt', 'Mariana Mortágua', 'Coordenadora');
INSERT INTO public.party_person_translations (id, person_id, locale, name, role) VALUES (27, 14, 'en', 'Catarina Martins', 'Former Coordinator');
INSERT INTO public.party_person_translations (id, person_id, locale, name, role) VALUES (28, 14, 'pt', 'Catarina Martins', 'Antiga coordenadora');
INSERT INTO public.party_person_translations (id, person_id, locale, name, role) VALUES (29, 15, 'en', 'Francisco Louçã', 'Founder');
INSERT INTO public.party_person_translations (id, person_id, locale, name, role) VALUES (30, 15, 'pt', 'Francisco Louçã', 'Fundador');
INSERT INTO public.party_person_translations (id, person_id, locale, name, role) VALUES (31, 16, 'en', 'Paulo Raimundo', 'PCP Secretary-General');
INSERT INTO public.party_person_translations (id, person_id, locale, name, role) VALUES (32, 16, 'pt', 'Paulo Raimundo', 'Secretário-geral do PCP');
INSERT INTO public.party_person_translations (id, person_id, locale, name, role) VALUES (33, 17, 'en', 'Jerónimo de Sousa', 'Former Secretary-General');
INSERT INTO public.party_person_translations (id, person_id, locale, name, role) VALUES (34, 17, 'pt', 'Jerónimo de Sousa', 'Antigo secretário-geral');
INSERT INTO public.party_person_translations (id, person_id, locale, name, role) VALUES (35, 18, 'en', 'Álvaro Cunhal', 'Historic Figure');
INSERT INTO public.party_person_translations (id, person_id, locale, name, role) VALUES (36, 18, 'pt', 'Álvaro Cunhal', 'Figura histórica');
INSERT INTO public.party_person_translations (id, person_id, locale, name, role) VALUES (37, 19, 'en', 'Inês de Sousa Real', 'Spokesperson');
INSERT INTO public.party_person_translations (id, person_id, locale, name, role) VALUES (38, 19, 'pt', 'Inês de Sousa Real', 'Porta-voz');
INSERT INTO public.party_person_translations (id, person_id, locale, name, role) VALUES (39, 20, 'en', 'André Silva', 'Former Spokesperson');
INSERT INTO public.party_person_translations (id, person_id, locale, name, role) VALUES (40, 20, 'pt', 'André Silva', 'Antigo porta-voz');
INSERT INTO public.party_person_translations (id, person_id, locale, name, role) VALUES (41, 21, 'en', 'Paulo Borges', 'Co-founder');
INSERT INTO public.party_person_translations (id, person_id, locale, name, role) VALUES (42, 21, 'pt', 'Paulo Borges', 'Cofundador');

--
-- Data for Name: party_history_events; Type: TABLE DATA; Schema: public; Owner: objetivisa
--

INSERT INTO public.party_history_events (id, party_id, year, display_order) VALUES (1, 'ps', 1973, 1);
INSERT INTO public.party_history_events (id, party_id, year, display_order) VALUES (2, 'ps', 1995, 2);
INSERT INTO public.party_history_events (id, party_id, year, display_order) VALUES (3, 'ps', 2015, 3);
INSERT INTO public.party_history_events (id, party_id, year, display_order) VALUES (4, 'psd', 1974, 1);
INSERT INTO public.party_history_events (id, party_id, year, display_order) VALUES (5, 'psd', 1985, 2);
INSERT INTO public.party_history_events (id, party_id, year, display_order) VALUES (6, 'psd', 2011, 3);
INSERT INTO public.party_history_events (id, party_id, year, display_order) VALUES (7, 'chega', 2019, 1);
INSERT INTO public.party_history_events (id, party_id, year, display_order) VALUES (8, 'chega', 2021, 2);
INSERT INTO public.party_history_events (id, party_id, year, display_order) VALUES (9, 'chega', 2024, 3);
INSERT INTO public.party_history_events (id, party_id, year, display_order) VALUES (10, 'il', 2017, 1);
INSERT INTO public.party_history_events (id, party_id, year, display_order) VALUES (11, 'il', 2019, 2);
INSERT INTO public.party_history_events (id, party_id, year, display_order) VALUES (12, 'il', 2022, 3);
INSERT INTO public.party_history_events (id, party_id, year, display_order) VALUES (13, 'be', 1999, 1);
INSERT INTO public.party_history_events (id, party_id, year, display_order) VALUES (14, 'be', 2009, 2);
INSERT INTO public.party_history_events (id, party_id, year, display_order) VALUES (15, 'be', 2015, 3);
INSERT INTO public.party_history_events (id, party_id, year, display_order) VALUES (16, 'cdu', 1987, 1);
INSERT INTO public.party_history_events (id, party_id, year, display_order) VALUES (17, 'cdu', 2005, 2);
INSERT INTO public.party_history_events (id, party_id, year, display_order) VALUES (18, 'cdu', 2015, 3);
INSERT INTO public.party_history_events (id, party_id, year, display_order) VALUES (19, 'pan', 2009, 1);
INSERT INTO public.party_history_events (id, party_id, year, display_order) VALUES (20, 'pan', 2015, 2);
INSERT INTO public.party_history_events (id, party_id, year, display_order) VALUES (21, 'pan', 2019, 3);

--
-- Data for Name: party_history_event_translations; Type: TABLE DATA; Schema: public; Owner: objetivisa
--

INSERT INTO public.party_history_event_translations (id, event_id, locale, title, description) VALUES (1, 1, 'en', 'Founding', 'The party is founded in Germany by exiles.');
INSERT INTO public.party_history_event_translations (id, event_id, locale, title, description) VALUES (2, 1, 'pt', 'Fundação', 'O partido é fundado na Alemanha por exilados.');
INSERT INTO public.party_history_event_translations (id, event_id, locale, title, description) VALUES (3, 2, 'en', 'Guterres Government', 'Election win begins a governing cycle.');
INSERT INTO public.party_history_event_translations (id, event_id, locale, title, description) VALUES (4, 2, 'pt', 'Governo de Guterres', 'Vitória eleitoral e início de um ciclo de governação.');
INSERT INTO public.party_history_event_translations (id, event_id, locale, title, description) VALUES (5, 3, 'en', 'Geringonça', 'Government backed by the parliamentary left.');
INSERT INTO public.party_history_event_translations (id, event_id, locale, title, description) VALUES (6, 3, 'pt', 'Geringonça', 'Governo apoiado pela esquerda parlamentar.');
INSERT INTO public.party_history_event_translations (id, event_id, locale, title, description) VALUES (7, 4, 'en', 'Founding', 'Founded after the Carnation Revolution as PPD.');
INSERT INTO public.party_history_event_translations (id, event_id, locale, title, description) VALUES (8, 4, 'pt', 'Fundação', 'Fundado após a Revolução dos Cravos como PPD.');
INSERT INTO public.party_history_event_translations (id, event_id, locale, title, description) VALUES (9, 5, 'en', 'Cavaco Majorities', 'Start of ten years in government.');
INSERT INTO public.party_history_event_translations (id, event_id, locale, title, description) VALUES (10, 5, 'pt', 'Maiorias de Cavaco', 'Início de dez anos de governação.');
INSERT INTO public.party_history_event_translations (id, event_id, locale, title, description) VALUES (11, 6, 'en', 'Financial Bailout', 'Governs during the adjustment programme.');
INSERT INTO public.party_history_event_translations (id, event_id, locale, title, description) VALUES (12, 6, 'pt', 'Resgate financeiro', 'Governa durante o programa de ajustamento.');
INSERT INTO public.party_history_event_translations (id, event_id, locale, title, description) VALUES (13, 7, 'en', 'Founding', 'The party is founded by André Ventura.');
INSERT INTO public.party_history_event_translations (id, event_id, locale, title, description) VALUES (14, 7, 'pt', 'Fundação', 'O partido é fundado por André Ventura.');
INSERT INTO public.party_history_event_translations (id, event_id, locale, title, description) VALUES (15, 8, 'en', 'Presidential Run', 'Ventura finishes third in the presidential race.');
INSERT INTO public.party_history_event_translations (id, event_id, locale, title, description) VALUES (16, 8, 'pt', 'Presidenciais', 'Ventura obtém terceiro lugar nas presidenciais.');
INSERT INTO public.party_history_event_translations (id, event_id, locale, title, description) VALUES (17, 9, 'en', 'Breakthrough', 'Becomes the third-largest parliamentary force.');
INSERT INTO public.party_history_event_translations (id, event_id, locale, title, description) VALUES (18, 9, 'pt', 'Crescimento', 'Torna-se a terceira força parlamentar.');
INSERT INTO public.party_history_event_translations (id, event_id, locale, title, description) VALUES (19, 10, 'en', 'Founding', 'Founded as a liberal party.');
INSERT INTO public.party_history_event_translations (id, event_id, locale, title, description) VALUES (20, 10, 'pt', 'Fundação', 'Nasce como partido liberal.');
INSERT INTO public.party_history_event_translations (id, event_id, locale, title, description) VALUES (21, 11, 'en', 'First MP', 'Elects its first member of parliament.');
INSERT INTO public.party_history_event_translations (id, event_id, locale, title, description) VALUES (22, 11, 'pt', 'Primeiro deputado', 'Elege o seu primeiro deputado.');
INSERT INTO public.party_history_event_translations (id, event_id, locale, title, description) VALUES (23, 12, 'en', 'Eight Seats', 'Consolidates as a parliamentary force.');
INSERT INTO public.party_history_event_translations (id, event_id, locale, title, description) VALUES (24, 12, 'pt', 'Oito deputados', 'Consolida-se como força parlamentar.');
INSERT INTO public.party_history_event_translations (id, event_id, locale, title, description) VALUES (25, 13, 'en', 'Founding', 'Union of several left-wing movements.');
INSERT INTO public.party_history_event_translations (id, event_id, locale, title, description) VALUES (26, 13, 'pt', 'Fundação', 'União de vários movimentos de esquerda.');
INSERT INTO public.party_history_event_translations (id, event_id, locale, title, description) VALUES (27, 14, 'en', 'Growth', 'Reaches a peak in seats.');
INSERT INTO public.party_history_event_translations (id, event_id, locale, title, description) VALUES (28, 14, 'pt', 'Crescimento', 'Atinge máximo de deputados.');
INSERT INTO public.party_history_event_translations (id, event_id, locale, title, description) VALUES (29, 15, 'en', 'Backing the Government', 'Enables the PS government.');
INSERT INTO public.party_history_event_translations (id, event_id, locale, title, description) VALUES (30, 15, 'pt', 'Apoio ao governo', 'Viabiliza o governo do PS.');
INSERT INTO public.party_history_event_translations (id, event_id, locale, title, description) VALUES (31, 16, 'en', 'Coalition', 'Formed by PCP and PEV.');
INSERT INTO public.party_history_event_translations (id, event_id, locale, title, description) VALUES (32, 16, 'pt', 'Coligação', 'Formada por PCP e PEV.');
INSERT INTO public.party_history_event_translations (id, event_id, locale, title, description) VALUES (33, 17, 'en', 'Local Power', 'Strengthens local government.');
INSERT INTO public.party_history_event_translations (id, event_id, locale, title, description) VALUES (34, 17, 'pt', 'Autarquias', 'Reforça poder local.');
INSERT INTO public.party_history_event_translations (id, event_id, locale, title, description) VALUES (35, 18, 'en', 'Opposition', 'Keeps a stable parliamentary presence.');
INSERT INTO public.party_history_event_translations (id, event_id, locale, title, description) VALUES (36, 18, 'pt', 'Oposição', 'Mantém presença parlamentar estável.');
INSERT INTO public.party_history_event_translations (id, event_id, locale, title, description) VALUES (37, 19, 'en', 'Founding', 'Founded with an environmental and animal focus.');
INSERT INTO public.party_history_event_translations (id, event_id, locale, title, description) VALUES (38, 19, 'pt', 'Fundação', 'Fundado com foco ambiental e animal.');
INSERT INTO public.party_history_event_translations (id, event_id, locale, title, description) VALUES (39, 20, 'en', 'First MP', 'Elects its first MP.');
INSERT INTO public.party_history_event_translations (id, event_id, locale, title, description) VALUES (40, 20, 'pt', 'Primeiro deputado', 'Elege o primeiro deputado.');
INSERT INTO public.party_history_event_translations (id, event_id, locale, title, description) VALUES (41, 21, 'en', 'Four Seats', 'Expands its parliamentary representation.');
INSERT INTO public.party_history_event_translations (id, event_id, locale, title, description) VALUES (42, 21, 'pt', 'Quatro deputados', 'Amplia a representação parlamentar.');

--
-- Sequence values for party detail tables
--

SELECT pg_catalog.setval('public.party_positions_id_seq', 21, true);
SELECT pg_catalog.setval('public.party_position_translations_id_seq', 42, true);
SELECT pg_catalog.setval('public.party_people_id_seq', 21, true);
SELECT pg_catalog.setval('public.party_person_translations_id_seq', 42, true);
SELECT pg_catalog.setval('public.party_history_events_id_seq', 21, true);
SELECT pg_catalog.setval('public.party_history_event_translations_id_seq', 42, true);
